,name,institution
0,Machine Learning,Stanford University
1,Indigenous Canada,University of Alberta
2,The Science of Well-Being,Yale University
3,Technical Support Fundamentals,Google
4,Become a CBRS Certified Professional Installer by Google,Google - Spectrum Sharing
5,Financial Markets,Yale University
6,Introduction to Psychology,Yale University
7,Programming for Everybody (Getting Started with Python),University of Michigan
8,The Bits and Bytes of Computer Networking,Google
9,AI For Everyone,DeepLearning.AI
10,Crash Course on Python,Google
11,Psychological First Aid,Johns Hopkins University
12,Neural Networks and Deep Learning,DeepLearning.AI
13,What is Data Science?,IBM
14,Successful Negotiation: Essential Strategies and Skills,University of Michigan
15,Fundamentals of Project Planning and Management,University of Virginia
16,Project Launch,"University of California, Irvine"
17,"Brand Management: Aligning Business, Brand and Behaviour",London Business School
18,Writing in the Sciences,Stanford University
19,Stanford Introduction to Food and Health,Stanford University
20,"HTML, CSS, and Javascript for Web Developers",Johns Hopkins University
21,Excel Skills for Business: Essentials,Macquarie University
22,Introduction to Negotiation: A Strategic Playbook for Becoming a Principled and Persuasive Negotiator,Yale University
23,"Everyday Excel, Part 1",University of Colorado Boulder
24,Learning How to Learn: Powerful mental tools to help you master tough subjects,University of California San Diego
25,Google Cloud Platform Fundamentals: Core Infrastructure,Google Cloud
26,Viral Marketing and How to Craft Contagious Content,University of Pennsylvania
27,Python Data Structures,University of Michigan
28,Private Equity and Venture Capital,Università Bocconi
29,First Step Korean,Yonsei University
30,"Introduction to TensorFlow for Artificial Intelligence, Machine Learning, and Deep Learning",DeepLearning.AI
31,Operating Systems and You: Becoming a Power User,Google
32,Tools for Data Science,IBM
33,"Improving Deep Neural Networks: Hyperparameter tuning, Regularization and Optimization",DeepLearning.AI
34,Diversity and inclusion in the workplace,ESSEC Business School
35,Design and Interpretation of Clinical Trials,Johns Hopkins University
36,Visual Elements of User Interface Design,California Institute of the Arts
37,Management of Fashion and Luxury Companies,Università Bocconi
38,Primeros Auxilios Psicológicos (PAP),Universitat Autònoma de Barcelona
39,Social Psychology,Wesleyan University
40,Initiating and Planning Projects,"University of California, Irvine"
41,Computational Thinking for Problem Solving,University of Pennsylvania
42,Agile with Atlassian Jira,Atlassian
43,Fundamentals of Graphic Design,California Institute of the Arts
44,Introduction to User Experience Design,Georgia Institute of Technology
45,Introduction to Marketing,University of Pennsylvania
46,Python for Data Science and AI,IBM
47,Marketing Analytics,University of Virginia
48,Natural Language Processing with Classification and Vector Spaces,DeepLearning.AI
49,Fundamentals of Quantitative Modeling,University of Pennsylvania
50,How to Manage a Remote Team,GitLab
51,Mathematics for Machine Learning: Linear Algebra,Imperial College London
52,Introduction to Data Science in Python,University of Michigan
53,Customer Analytics,University of Pennsylvania
55,English for Career Development,University of Pennsylvania
56,Global Diplomacy – Diplomacy in the Modern World,University of London
57,Game Theory,Stanford University
58,SQL for Data Science,"University of California, Davis"
59,Write Professional Emails in English,Georgia Institute of Technology
60,Medical Neuroscience,Duke University
61,System Administration and IT Infrastructure Services,Google
62,International Women's Health and Human Rights,Stanford University
63,Child Nutrition and Cooking,Stanford University
64,Understanding the Brain: The Neurobiology of Everyday Life,The University of Chicago
65,Introduction to Social Media Marketing,Facebook
66,Forensic Accounting and Fraud Examination,West Virginia University
67,Clinical Terminology for International and U.S. Students,University of Pittsburgh
68,Science of Exercise,University of Colorado Boulder
69,Digital Product Management: Modern Fundamentals,University of Virginia
70,Data Science Math Skills,Duke University
71,Structuring Machine Learning Projects,DeepLearning.AI
72,An Introduction to American Law,University of Pennsylvania
73,The Strategy of Content Marketing,"University of California, Davis"
74,Introduction to Cybersecurity Tools & Cyber Attacks,IBM
75,The Data Scientist’s Toolbox,Johns Hopkins University
76,Animal Behaviour and Welfare,The University of Edinburgh
77,Convolutional Neural Networks in TensorFlow,DeepLearning.AI
78,Positive Psychology: Martin E. P. Seligman’s Visionary Science,University of Pennsylvania
79,Introduction to the Biology of Cancer,Johns Hopkins University
80,Convolutional Neural Networks,DeepLearning.AI
81,Using Python to Access Web Data,University of Michigan
82,Introductory Human Physiology,Duke University
83,Introduction to Systematic Review and Meta-Analysis,Johns Hopkins University
84,Organizational Analysis,Stanford University
85,Communication Strategies for a Virtual Age,University of Toronto
86,Moral Foundations of Politics,Yale University
87,Étudier en France: French Intermediate course B1-B2,École Polytechnique
88,Managing the Company of the Future,London Business School
89,Finance for Non-Finance Professionals,Rice University
90,Site Reliability Engineering: Measuring and Managing Reliability,Google Cloud
91,Autism Spectrum Disorder,"University of California, Davis"
92,Data Science Methodology,IBM
93,Introduction to Financial Accounting,University of Pennsylvania
94,Marketing in a Digital World,University of Illinois at Urbana-Champaign
95,Wind Energy,Technical University of Denmark (DTU)
96,Principles of Sustainable Finance,Erasmus University Rotterdam
97,Financial Engineering and Risk Management Part I,Columbia University
98,Introduction to Philosophy,The University of Edinburgh
99,Business Metrics for Data-Driven Companies,Duke University
100,Python Basics,University of Michigan
101,Introduction to Sustainability,University of Illinois at Urbana-Champaign
102,Positive Psychiatry and Mental Health,The University of Sydney
103,Cryptography I,Stanford University
104,Learning to Teach Online,UNSW Sydney (The University of New South Wales)
105,IT Security: Defense against the digital dark arts,Google
106,Entreprise et changement climatique,ESSEC Business School
107,An Introduction to Consumer Neuroscience & Neuromarketing,Copenhagen Business School
108,Gamification,University of Pennsylvania
109,"Divide and Conquer, Sorting and Searching, and Randomized Algorithms",Stanford University
110,Contabilidad para no contadores,Universidad Nacional Autónoma de México
111,Using Python to Interact with the Operating System,Google
112,Object-Oriented Data Structures in C++,University of Illinois at Urbana-Champaign
113,Google Cloud Platform Big Data and Machine Learning Fundamentals,Google Cloud
114,Databases and SQL for Data Science,IBM
115,Natural Language Processing in TensorFlow,DeepLearning.AI
116,"Advanced Valuation and Strategy - M&A, Private Equity, and Venture Capital",Erasmus University Rotterdam
117,Natural Language Processing with Probabilistic Models,DeepLearning.AI
118,Vital Signs: Understanding What the Body Is Telling Us,University of Pennsylvania
119,Understanding Research Methods,University of London
120,IBM Customer Engagement Specialist Professional Certificate,IBM
121,Introduction to Calculus,The University of Sydney
122,Camino a la Excelencia en Gestión de Proyectos,Pontificia Universidad Católica de Chile
123,Introduction to HTML5,University of Michigan
124,Wine Tasting: Sensory Techniques for Wine Analysis,"University of California, Davis"
125,Excel Skills for Business: Intermediate I,Macquarie University
126,"Programming Foundations with JavaScript, HTML and CSS",Duke University
127,Build a Modern Computer from First Principles: From Nand to Tetris (Project-Centered Course),Hebrew University of Jerusalem
128,Food & Beverage Management,Università Bocconi
129,Data Analysis with Python,IBM
130,Project Planning,"University of California, Irvine"
131,Agile Meets Design Thinking,University of Virginia
132,AWS Fundamentals: Going Cloud-Native,Amazon Web Services
133,Construction Project Management,Columbia University
134,Introduction to Mathematical Thinking,Stanford University
135,Everyday Parenting: The ABCs of Child Rearing,Yale University
136,Introduction to Healthcare,Stanford University
137,Machine Learning with Python,IBM
138,Terrorism and Counterterrorism: Comparing Theory and Practice,Universiteit Leiden
139,Data Management for Clinical Research,Vanderbilt University
140,Sustainable Fashion,Copenhagen Business School
141,Foundations of Data Science: K-Means Clustering in Python,University of London
142,Instructional Design Foundations and Applications,University of Illinois at Urbana-Champaign
143,Cursos en línea: modelo para armar,Universidad Nacional Autónoma de México
144,Modern Art & Ideas,The Museum of Modern Art
145,"Speak English Professionally: In Person, Online & On the Phone",Georgia Institute of Technology
146,Essential Google Cloud Infrastructure: Foundation,Google Cloud
147,Introduction to Artificial Intelligence (AI),IBM
148,Dog Emotion and Cognition,Duke University
149,International Leadership and Organizational Behavior,Università Bocconi
150,Driving business towards the Sustainable Development Goals,Erasmus University Rotterdam
151,"The Sustainable Development Goals – A global, transdisciplinary vision for the future",University of Copenhagen
152,Digital Transformation,BCG
153,Sequence Models,DeepLearning.AI
154,Devenir entrepreneur du changement,HEC Paris
155,Seeing Through Photographs,The Museum of Modern Art
156,Entrepreneurship 1: Developing the Opportunity,University of Pennsylvania
157,Introduction to Search Engine Optimization,"University of California, Davis"
158,Learn to Speak Korean 1,Yonsei University
159,Circular Economy - Sustainable Materials Management,Delft University of Technology
160,Drug Development,University of California San Diego
161,R Programming,Johns Hopkins University
162,Economics of Money and Banking,Columbia University
163,Chinese for Beginners,Peking University
164,Grammar and Punctuation,"University of California, Irvine"
165,Japanese for beginners 1,Saint Petersburg State University
166,Introduction to English Common Law,University of London
167,Introduction to Dental Medicine,University of Pennsylvania
168,Fundamentals of Reinforcement Learning,Alberta Machine Intelligence Institute
169,The Power of Macroeconomics: Economic Principles in the Real World,"University of California, Irvine"
170,Corporate Sustainability. Understanding and Seizing the Strategic Opportunity,Università Bocconi
171,Behavioral Finance,Duke University
172,"Sequences, Time Series and Prediction",DeepLearning.AI
173,Supply Chain Logistics,Rutgers the State University of New Jersey
174,Project Execution,"University of California, Irvine"
175,Nutrición y obesidad: control de sobrepeso,Universidad Nacional Autónoma de México
176,Microeconomics Principles,University of Illinois at Urbana-Champaign
177,Creative Writing: The Craft of Plot,Wesleyan University
178,Astronomy: Exploring Time and Space,University of Arizona
179,Oil & Gas Industry Operations and Markets,Duke University
180,Design Thinking for Innovation,University of Virginia
181,EDIVET: Do you have what it takes to be a veterinarian?,The University of Edinburgh
182,Learn to Program: The Fundamentals,University of Toronto
183,Financial Accounting Fundamentals,University of Virginia
184,Finding Purpose and Meaning In Life: Living for What Matters Most,University of Michigan
185,Understanding Clinical Research: Behind the Statistics,University of Cape Town
186,Epidemiology: The Basic Science of Public Health,The University of North Carolina at Chapel Hill
187,Fashion as Design,The Museum of Modern Art
188,Teamwork Skills: Communicating Effectively in Groups,University of Colorado Boulder
189,Feminism and Social Justice,"University of California, Santa Cruz"
190,International Organizations Management,University of Geneva
191,Marketing Digital,Universidade de São Paulo
192,Fundamentals of GIS,"University of California, Davis"
193,e-Learning Ecologies: Innovative Approaches to Teaching and Learning for the Digital Age,University of Illinois at Urbana-Champaign
194,"Excel/VBA for Creative Problem Solving, Part 1",University of Colorado Boulder
195,Rethinking International Tax Law,Universiteit Leiden
196,Introduction to Probability and Data with R,Duke University
197,Understanding and Visualizing Data with Python,University of Michigan
198,Fundamentals of Visualization with Tableau,"University of California, Davis"
199,Getting Started with SAS Programming,SAS
200,Machine Learning for All,University of London
201,Using Databases with Python,University of Michigan
202,Addiction Treatment: Clinical Skills for Healthcare Providers,Yale University
203,Dino 101: Dinosaur Paleobiology,University of Alberta
204,Sports Marketing,Northwestern University
205,Positive Psychology,The University of North Carolina at Chapel Hill
206,Introduction to Programming with MATLAB,Vanderbilt University
207,Preparing to Manage Human Resources,University of Minnesota
208,Solar Energy Basics,The State University of New York
209,Front-End Web UI Frameworks and Tools: Bootstrap 4,The Hong Kong University of Science and Technology
210,Building Scalable Java Microservices with Spring Boot and Spring Cloud,Google Cloud
211,Introduction to Forensic Science,"Nanyang Technological University, Singapore"
212,Google Cloud Product Fundamentals,Google Cloud
213,American Contract Law I,Yale University
214,Engineering Health: Introduction to Yoga and Physiology,New York University
215,AI for Medical Diagnosis,DeepLearning.AI
216,Natural Language Processing with Sequence Models,DeepLearning.AI
217,Introduction to Electronics,Georgia Institute of Technology
218,International Humanitarian Law in Theory and Practice,Universiteit Leiden
219,Making Architecture,IE School of Architecture & Design
220,Model Thinking,University of Michigan
221,Supporting children with difficulties in reading and writing,University of London
222,Innovation Management,Erasmus University Rotterdam
223,The Manager's Toolkit: A Practical Guide to Managing People at Work,"Birkbeck, University of London"
224,"The Modern World, Part One: Global History from 1760 to 1910",University of Virginia
225,Fundamentals of Music Theory,The University of Edinburgh
226,Supply Chain Principles,Georgia Institute of Technology
227,Essential Google Cloud Infrastructure: Core Services,Google Cloud
228,Weight Management: Beyond Balancing Calories,Emory University
229,Miracles of Human Language: An Introduction to Linguistics,Universiteit Leiden
230,Java Programming: Solving Problems with Software,Duke University
231,Race and Cultural Diversity in American Life and History,University of Illinois at Urbana-Champaign
232,Inspiring and Motivating Individuals,University of Michigan
233,"Competencias digitales. Herramientas de ofimática (Microsoft Word, Excel, Power Point)",Universitat Autònoma de Barcelona
234,Healing with the Arts,University of Florida
235,People Analytics,University of Pennsylvania
236,What is Social?,Northwestern University
237,UX Design Fundamentals,California Institute of the Arts
238,Creative Thinking: Techniques and Tools for Success,Imperial College London
239,Introduction to Classical Music,Yale University
240,Children's Human Rights - An Interdisciplinary Introduction,University of Geneva
241,Investment Management in an Evolving and Volatile World by HEC Paris and AXA Investment Managers,HEC Paris
242,Introduction to Data Analysis Using Excel,Rice University
243,Mind Control: Managing Your Mental Health During COVID-19,University of Toronto
244,Introduction to International Criminal Law,Case Western Reserve University
245,"FinTech: Foundations, Payments, and Regulations",University of Pennsylvania
246,Greek and Roman Mythology,University of Pennsylvania
247,Politics and Economics of International Energy,Sciences Po
248,Continuous Delivery & DevOps,University of Virginia
249,Teach English Now! Foundational Principles,Arizona State University
250,Business Model Innovation,HEC Paris
251,Introduction to User Experience Principles and Processes,University of Michigan
252,Beyond the Sustainable Development Goals (SDGs): Addressing Sustainability and Development,University of Michigan
253,Process Mining: Data science in Action,Eindhoven University of Technology
254,Fundamentals of Immunology: Innate Immunity and B-Cell Function,Rice University
255,Introduction to Corporate Finance,University of Pennsylvania
256,Global Diplomacy: the United Nations in the World,University of London
257,Algorithmic Toolbox,University of California San Diego
258,Troubles du spectre de l'autisme : diagnostic,University of Geneva
259,Anatomy: Musculoskeletal and Integumentary Systems,University of Michigan
260,Unraveling the Cycling City,University of Amsterdam
261,A Crash Course in Causality:  Inferring Causal Effects from Observational Data,University of Pennsylvania
262,English for Business and Entrepreneurship,University of Pennsylvania
263,Natural Language Processing with Attention Models,DeepLearning.AI
264,What is Compliance?,University of Pennsylvania
265,Getting Started with Google Sheets,Google Cloud
266,Data Visualization with Python,IBM
267,Foundations of Mindfulness,Rice University
268,Negociación exitosa: Estrategias y habilidades esenciales (en español),University of Michigan
269,Data-driven Decision Making,PwC
270,Fundamentals of Engineering Exam Review,Georgia Institute of Technology
271,Gender and Sexuality: Diversity and Inclusion in the Workplace,University of Pittsburgh
272,Managerial Accounting Fundamentals,University of Virginia
273,Search Engine Optimization Fundamentals,"University of California, Davis"
274,Essentials of Global Health,Yale University
275,International Security Management,Erasmus University Rotterdam
276,Getting Started with AWS Machine Learning,Amazon Web Services
277,Arts and Heritage Management,Università Bocconi
278,Understanding Einstein: The Special Theory of Relativity,Stanford University
279,Réussir le Changement,ESSEC Business School
280,Equine Welfare and Management,"University of California, Davis"
281,International migrations: a global issue,Sciences Po
282,Introduction to Web Development,"University of California, Davis"
283,Writing and Editing: Word Choice and Word Order,University of Michigan
284,Introduction to the Digital Advertising Landscape,University of Colorado Boulder
285,Access Controls,(ISC)²
286,Engineering Project Management: Initiating and Planning,Rice University
287,Kotlin for Java Developers,JetBrains
288,Mathematics for Machine Learning: Multivariate Calculus,Imperial College London
289,Introduction to Git and GitHub,Google
290,Industrial Biotechnology,University of Manchester   
291,The Addicted Brain,Emory University
292,Introducción a la programación en Python I: Aprendiendo a programar con Python,Pontificia Universidad Católica de Chile
293,Modernizing Data Lakes and Data Warehouses with GCP,Google Cloud
294,Drug Discovery,University of California San Diego
295,Nutrition and Lifestyle in Pregnancy,Ludwig-Maximilians-Universität München (LMU)
296,Financial Acumen for Non-Financial Managers,University of Pennsylvania
297,Python and Statistics for Financial Analysis,The Hong Kong University of Science and Technology
298,Bugs 101: Insect-Human Interactions,University of Alberta
299,Autodesk Certified Professional: Revit for Architectural Design Exam Prep,Autodesk
300,"Leading for Equity, Diversity and Inclusion in Higher Education",University of Michigan
301,Digital Media and Marketing Strategies,University of Illinois at Urbana-Champaign
302,Enterprise Architecture,Peter the Great St. Petersburg Polytechnic University
303,Introduction to Spreadsheets and Models,University of Pennsylvania
304,The Arts and Science of Relationships: Understanding Human Needs,University of Toronto
305,Essentials in Clinical Simulations Across the Health Professions,The George Washington University
306,Budgeting and Scheduling Projects,"University of California, Irvine"
307,Machine Learning for Business Professionals,Google Cloud
308,Introduction to Accounting Data Analytics and Visualization,University of Illinois at Urbana-Champaign
309,Spanish Vocabulary: Meeting People,"University of California, Davis"
310,Gestión Empresarial Exitosa para Pymes,Pontificia Universidad Católica de Chile
311,Public Policy Challenges of the 21st Century,University of Virginia
312,International Law in Action: the Arbitration of International Disputes,Universiteit Leiden
313,Introduction to Ancient Egypt and Its Civilization,University of Pennsylvania
314,Financing and Investing in Infrastructure,Università Bocconi
315,Global Environmental Management,Technical University of Denmark (DTU)
316,Operations Analytics,University of Pennsylvania
317,Entrepreneurship Strategy: From Ideation to Exit,HEC Paris
318,FinTech Law and Policy,Duke University
319,The Social Context of Mental Health and Illness,University of Toronto
320,What Is Contemporary Art?,The Museum of Modern Art
321,The Art of Music Production,Berklee College of Music
322,Biohacking Your Brain's Health,Emory University
323,Bayesian Statistics: From Concept to Data Analysis,"University of California, Santa Cruz"
324,Reporting extra-financier et stratégie RSE,ESSEC Business School
325,Leading Healthcare Quality and Safety,The George Washington University
326,Understanding International Relations Theory,National Research University Higher School of Economics
327,Introduction to Data Analytics,IBM
328,Fundamentos de Excel para Negocios,Universidad Austral
329,Elastic Google Cloud Infrastructure: Scaling and Automation,Google Cloud
330,Cultural Competence - Aboriginal Sydney,The University of Sydney
331,Fundamentos de Finanzas Empresariales,Universidad de los Andes
332,Greening the Economy: Sustainable Cities,Lund University
333,Introduction to Engineering Mechanics,Georgia Institute of Technology
334,Design-Led Strategy: Design thinking for business strategy and entrepreneurship,The University of Sydney
335,Biology Meets Programming: Bioinformatics for Beginners,University of California San Diego
336,Understanding Medical Research: Your Facebook Friend is Wrong,Yale University
337,Health Behavior Change: From Evidence to Action,Yale University
338,Ordered Data Structures,University of Illinois at Urbana-Champaign
339,Mindshift: Break Through Obstacles to Learning and Discover Your Hidden Potential,McMaster University
340,Programming Fundamentals,Duke University
341,Understanding Financial Markets,University of Geneva
342,In the Studio: Postwar Abstract Painting,The Museum of Modern Art
343,Drug Commercialization,University of California San Diego
344,Introduction to Software Product Management,University of Alberta
345,"Social Norms, Social Change I",Unicef
346,Excel Skills for Business: Intermediate II,Macquarie University
347,Aboriginal Worldviews and Education,University of Toronto
348,"Information Systems Auditing, Controls and Assurance",The Hong Kong University of Science and Technology
349,Six Sigma Principles,University System of Georgia
350,Business Writing,University of Colorado Boulder
351,Autodesk Certified Professional: AutoCAD for Design and Drafting Exam Prep,Autodesk
352,Introduction to Typography,California Institute of the Arts
353,Customer Segmentation and Prospecting,Northwestern University
354,Claves para Gestionar Personas,IESE Business School
355,English for Journalism,University of Pennsylvania
356,How Things Work: An Introduction to Physics,University of Virginia
357,Business English: Networking,University of Washington
358,Summary Statistics in Public Health,Johns Hopkins University
359,The Changing Global Order,Universiteit Leiden
360,Global Energy and Climate Policy,University of London
361,El Abogado del Futuro: Legaltech y la Transformación Digital del Derecho,Universidad Austral
362,Probability and Statistics: To p or not to p?,University of London
363,Gut Check: Exploring Your Microbiome,University of Colorado Boulder
364,Econometrics: Methods and Applications,Erasmus University Rotterdam
365,Разработка веб-сервисов на Go - основы языка,Moscow Institute of Physics and Technology
366,Mastering Data Analysis in Excel,Duke University
367,Basic Statistics,University of Amsterdam
368,"Capstone: Retrieving, Processing, and Visualizing Data with Python",University of Michigan
369,Design Thinking for the Greater Good: Innovation in the Social Sector,University of Virginia
370,Introduction to Portfolio Construction and Analysis with Python,EDHEC Business School
371,Data Analytics for Lean Six Sigma,University of Amsterdam
372,Refugees in the 21st Century,University of London
373,Building Containerized Applications on AWS,Amazon Web Services
374,Business Transformation with Google Cloud,Google Cloud
375,Version Control with Git,Atlassian
376,"Transmedia Storytelling: Narrative worlds, emerging technologies, and global audiences",UNSW Sydney (The University of New South Wales)
377,Excel aplicado a los negocios (Nivel Avanzado),Universidad Austral
378,Introduction to Public Speaking,University of Washington
379,Building Conversational Experiences with Dialogflow,Google Cloud
380,Guitar for Beginners,Berklee College of Music
381,Managing Project Risks and Changes,"University of California, Irvine"
382,L'excellence opérationnelle en pratique,ESSEC Business School
383,Introduction to Cloud Computing,IBM
384,Sample-based Learning Methods,Alberta Machine Intelligence Institute
385,Functional Programming Principles in Scala,École Polytechnique Fédérale de Lausanne
386,Introduction to Blockchain Technologies,INSEAD
387,Introduction to Environmental Law and Policy,The University of North Carolina at Chapel Hill
388,"Cameras, Exposure, and Photography",Michigan State University
389,Democracia y decisiones públicas. Introducción al análisis de políticas públicas,Universitat Autònoma de Barcelona
390,Dentistry 101,University of Michigan
391,"Python Functions, Files, and Dictionaries",University of Michigan
392,Anticorrupción: Introducción a conceptos y perspectiva práctica,Universidad Nacional Autónoma de México
393,Positive Psychology: Applications and Interventions,University of Pennsylvania
394,Introduction to Embedded Systems Software and Development Environments,University of Colorado Boulder
395,Personal & Family Financial Planning,University of Florida
396,A Law Student's Toolkit,Yale University
397,Introducción a Data Science: Programación Estadística con R,Universidad Nacional Autónoma de México
398,"Cybersecurity Roles, Processes & Operating System Security",IBM
399,Computational Neuroscience,University of Washington
400,De-Mystifying Mindfulness,Universiteit Leiden
401,Smart Cities – Management of Smart Urban Infrastructures,École Polytechnique Fédérale de Lausanne
402,Getting Started with Go,"University of California, Irvine"
403,Introduction to Economic Theories,Erasmus University Rotterdam
404,Probabilistic Graphical Models 1: Representation,Stanford University
405,The Power of Microeconomics: Economic Principles in the Real World,"University of California, Irvine"
406,Introduction to Personal Branding,University of Virginia
407,Love as a Force for Social Justice,Stanford University
408,Mathematical Thinking in Computer Science,University of California San Diego
409,Introduction to Genetics and Evolution,Duke University
410,Основы программирования на Python,National Research University Higher School of Economics
411,Improving Communication Skills,University of Pennsylvania
412,"Introduction to Trading, Machine Learning & GCP",New York Institute of Finance
413,Python Programming: A Concise Introduction,Wesleyan University
414,"The Modern World, Part Two: Global History since 1910",University of Virginia
415,Understanding Plants - Part I: What a Plant Knows,Tel Aviv University
416,Excel Fundamentals for Data Analysis,Macquarie University
417,Finanzas personales,Universidad Nacional Autónoma de México
418,English Composition I,Duke University
419,Career 911: Your Future Job in Medicine and Healthcare,Northwestern University
420,Introduction to Self-Driving Cars,University of Toronto
421,Corporate & Commercial Law I: Contracts & Employment Law,University of Illinois at Urbana-Champaign
422,Blockchain Basics,University at Buffalo
423,Foundations of Business Strategy,University of Virginia
424,Introdução à Ciência da Computação com Python Parte 1,Universidade de São Paulo
425,Stochastic processes,National Research University Higher School of Economics
426,Foundations for Big Data Analysis with SQL,Cloudera
427,"Innovation Through Design: Think, Make, Break, Repeat",The University of Sydney
428,Perfect Tenses and Modals,"University of California, Irvine"
429,Getting Started with Azure,LearnQuest
430,Moralities of Everyday Life,Yale University
431,Revisão Sistemática e Meta-análise,Universidade Estadual de Campinas
432,Understanding child development: from synapse to society,Utrecht University
433,Introduction to G Suite,Google Cloud
434,Aprendiendo a aprender: Poderosas herramientas mentales con las que podrás dominar temas difíciles (Learning How to Learn),University of California San Diego
435,Building Batch Data Pipelines on GCP,Google Cloud
436,Financial Planning for Young Adults,University of Illinois at Urbana-Champaign
437,Quantitative Methods,University of Amsterdam
438,"Introduction to Self-Determination Theory: An approach to motivation, development and wellness",University of Rochester
439,The Technology of Music Production,Berklee College of Music
440,Code Yourself! An Introduction to Programming,The University of Edinburgh
441,Success,University of Pennsylvania
442,Chemicals and Health,Johns Hopkins University
443,Improving your statistical inferences,Eindhoven University of Technology
444,Fundamentals of Finance,University of Pennsylvania
445,How Google does Machine Learning,Google Cloud
446,Object-Oriented Design,University of Alberta
447,Introduction to Intellectual Property,University of Pennsylvania
448,Cost and Economics in Pricing Strategy,BCG
449,Write A Feature Length Screenplay For Film Or Television,Michigan State University
450,Marketing Gerencial,Universidad de Chile
451,Corporate Finance Essentials,IESE Business School
452,Information Security: Context and Introduction,"Royal Holloway, University of London"
453,"Anatomy of the Chest, Abdomen, and Pelvis",Yale University
454,Introduction to CSS3,University of Michigan
455,Applied Data Science Capstone,IBM
456,Introduction aux Droits de l’Homme,University of Geneva
457,"Programming Languages, Part A",University of Washington
458,Big History: Connecting Knowledge,Macquarie University
459,Leadership in 21st Century Organizations,Copenhagen Business School
460,Software Processes and Agile Practices,University of Alberta
461,DevOps Culture and Mindset,"University of California, Davis"
462,Introduction to Statistics & Data Analysis in Public Health,Imperial College London
463,Discrete Optimization,The University of Melbourne
464,Основы разработки на C++: белый пояс,Moscow Institute of Physics and Technology
465,COVID-19 Contact Tracing For Nursing Professionals,University of Houston
466,High Stakes Leadership: Leading in Times of Crisis,University of Michigan
467,Essential Epidemiologic Tools for Public Health Practice,Johns Hopkins University
468,Epigenetic Control of Gene Expression,The University of Melbourne
469,"Recruiting, Hiring, and Onboarding Employees",University of Minnesota
470,AWS Fundamentals: Addressing Security Risk,Amazon Web Services
471,Ancient Philosophy: Plato & His Predecessors,University of Pennsylvania
472,Becoming a changemaker: Introduction to Social Innovation,University of Cape Town
473,Spanish for Successful Communication in Healthcare Settings,Rice University
474,Leading transformations: Manage change,Macquarie University
475,Introduction to Systems Engineering,UNSW Sydney (The University of New South Wales)
476,Digital Marketing Analytics in Theory,University of Illinois at Urbana-Champaign
477,Data Visualization and Communication with Tableau,Duke University
478,Bayesian Statistics: Techniques and Models,"University of California, Santa Cruz"
479,Human Rights for Open Societies,Utrecht University
480,Introduction to Computers and Office Productivity Software,The Hong Kong University of Science and Technology
481,The Introduction to Quantum Computing,Saint Petersburg State University
482,Intercultural Management,ESCP Business School
483,Get Interactive: Practical Teaching with Technology,University of London
484,International Law In Action: Investigating and Prosecuting International Crimes,Universiteit Leiden
485,Global Financial Markets and Instruments,Rice University
486,Write Your First Novel,Michigan State University
487,Développement psychologique de l'enfant,University of Geneva
488,Songwriting: Writing the Lyrics,Berklee College of Music
489,"Applied Plotting, Charting & Data Representation in Python",University of Michigan
490,Systems Thinking In Public Health,Johns Hopkins University
491,Excel Skills for Business: Advanced,Macquarie University
492,Introduction to Neuroeconomics: How the Brain Makes Decisions,National Research University Higher School of Economics
493,Community Organizing for Social Justice,University of Michigan
494,Build a Modern Computer from First Principles: Nand to Tetris Part II (project-centered course),Hebrew University of Jerusalem
495,The Global Financial Crisis,Yale University
496,Agile и Scrum в работе над проектами и продуктами,E-Learning Development Fund
497,Renewable Energy and Green Building Entrepreneurship,Duke University
498,The Cycle: Management of Successful Arts and Cultural Organizations,"University of Maryland, College Park"
499,Privacy Law and Data Protection,University of Pennsylvania
500,Building Modern Python Applications on AWS,Amazon Web Services
501,Digital Business Models,Lund University
502,"Everyday Excel, Part 2",University of Colorado Boulder
503,Reliable Google Cloud Infrastructure: Design and Process,Google Cloud
504,Introduction to Computer Programming,University of London
505,"Big Data Essentials: HDFS, MapReduce and Spark RDD",Yandex
506,Dermatology: Trip to skin,Novosibirsk State University 
507,Sustainable Tourism – promoting environmental public health,University of Copenhagen
508,Population Health During A Pandemic: Contact Tracing and Beyond,University of Houston
509,Social Impact Strategy: Tools for Entrepreneurs and Innovators,University of Pennsylvania
510,C for Everyone: Programming Fundamentals,"University of California, Santa Cruz"
511,Introduction to Structured Query Language (SQL),University of Michigan
512,Social and Economic Networks:  Models and Analysis,Stanford University
513,The Truth About Cats and Dogs,The University of Edinburgh
514,Sports and Society,Duke University
515,Fundamentals of Scalable Data Science,IBM
516,Effective Compliance Programs,University of Pennsylvania
517,Transformation of the Global Food System,University of Copenhagen
518,Web Application Technologies and Django,University of Michigan
519,Curanderismo: Traditional Healing Using Plants,University of New Mexico
520,Applied Machine Learning in Python,University of Michigan
521,Troubleshooting and Debugging Techniques,Google
522,Introduction to C# Programming and Unity,University of Colorado System
523,"Corrección, estilo y  variaciones de la lengua española",Universitat Autònoma de Barcelona
524,Les Fondamentaux de la Négociation,ESSEC Business School
525,Introduction to Clinical Data,Stanford University
526,The Science of Success: What Researchers Know that You Should Know,University of Michigan
527,Finance for Non-Financial Managers,Emory University
528,Getting Started With Music Theory,Michigan State University
529,Digital Marketing Analytics in Practice,University of Illinois at Urbana-Champaign
530,The Horse Course: Introduction to Basic Care and Management,University of Florida
531,Verb Tenses and Passives,"University of California, Irvine"
532,Gestión de organizaciones efectivas,Pontificia Universidad Católica de Chile
533,Introduction to Big Data,University of California San Diego
534,Rédaction de contrats,University of Geneva
535,Philosophy and the Sciences: Introduction to the Philosophy of Cognitive Sciences,The University of Edinburgh
536,Schizophrenia,Wesleyan University
537,Ecology: Ecosystem Dynamics and Conservation,Howard Hughes Medical Institute 
538,Introduction to Game Development,Michigan State University
539,Practical Time Series Analysis,The State University of New York
540,VLSI CAD Part I: Logic,University of Illinois at Urbana-Champaign
541,Getting Started with Google Kubernetes Engine,Google Cloud
542,Exploring ​and ​Preparing ​your ​Data with BigQuery,Google Cloud
543,Six Sigma and the Organization (Advanced),University System of Georgia
544,Social Work Practice: Advocating Social Justice and Change,University of Michigan
545,Introduction to Machine Learning,Duke University
546,Entrepreneurship 2: Launching your Start-Up,University of Pennsylvania
547,Nanotechnology: A Maker’s Course,Duke University
548,Creative Problem Solving,University of Minnesota
549,"Sleep: Neurobiology, Medicine, and Society",University of Michigan
550,COVID-19: What You Need to Know (CME Eligible),Osmosis
551,Classical Sociological Theory,University of Amsterdam
552,Electric Industry Operations and Markets,Duke University
553,Preparing for the Google Cloud Professional Cloud Architect Exam,Google Cloud
554,Effective Business Presentations with Powerpoint,PwC
555,More Introduction to Financial Accounting,University of Pennsylvania
556,Cryptocurrency and Blockchain: An Introduction to Digital Currencies,University of Pennsylvania
557,Dairy Production and Management,The Pennsylvania State University
558,Think Again I: How to Understand Arguments,Duke University
559,Developing Your Musicianship,Berklee College of Music
560,Introduction to Operations Management,University of Pennsylvania
561,The Oral Cavity: Portal to Health and Disease,University of Pennsylvania
562,Preparing for the Google Cloud Associate Cloud Engineer Exam,Google Cloud
563,Fundamental Neuroscience for Neuroimaging,Johns Hopkins University
564,European Business Law: Understanding the Fundamentals,Lund University
565,Teach English Now! Teaching Language Online,Arizona State University
566,Front-End Web Development with React,The Hong Kong University of Science and Technology
567,Music Business Foundations,Berklee College of Music
568,Introduction to Business Analytics: Communicating with Data,University of Illinois at Urbana-Champaign
569,Security & Safety Challenges in a Globalized World,Universiteit Leiden
570,Machine Learning Foundations: A Case Study Approach,University of Washington
571,Accounting Analytics,University of Pennsylvania
572,Strategic Business Management - Microeconomics,"University of California, Irvine"
573,"Epidemics, Pandemics and Outbreaks",University of Pittsburgh
574,Roman Architecture,Yale University
575,Research Data Management and Sharing,The University of Edinburgh
576,Introduction to Genomic Technologies,Johns Hopkins University
577,Strategic Management,Copenhagen Business School
578,Cybersecurity Compliance Framework & System Administration,IBM
579,Legal Tech & Startups,IE Business School
580,Introduction to Chemistry:  Reactions and Ratios,Duke University
581,The Science of Stem Cells,American Museum of Natural History
582,The Business of Product Management I,Advancing Women in Product
583,Positive Psychology: Resilience Skills,University of Pennsylvania
584,AI for Medical Prognosis,DeepLearning.AI
585,Antibiotic Stewardship,Stanford University
586,UX / UI: Fundamentos para o design de interface,Universidade de São Paulo
587,EMT Foundations,University of Colorado System
588,Industrial IoT on Google Cloud Platform,Google Cloud
589,"Penetration Testing, Incident Response and Forensics",IBM
590,Database Management Essentials,University of Colorado System
591,Advertising and Society,Duke University
592,Everyday Chinese Medicine,The Chinese University of Hong Kong
593,Fundamentals of Machine Learning for Healthcare,Stanford University
594,New Approaches to Countering Terror: Countering Violent Extremism,"University of Maryland, College Park"
595,Magic in the Middle Ages,Universitat de Barcelona
596,Challenging Forensic Science: How Science Should Speak to Court,University of Lausanne
597,Exploring Renewable Energy Schemes,University of Pennsylvania
598,Paleontology: Theropod Dinosaurs and the Origin of Birds,University of Alberta
599,Corporate Strategy,UCL School of Management
600,Getting Started with Essay Writing,"University of California, Irvine"
601,Actualización en el manejo del paciente con diabetes mellitus tipo 2,Universidad Nacional Autónoma de México
602,Mastering Final Cut Pro,LearnQuest
603,Removing Barriers to Change,University of Pennsylvania
604,Tricky American English Pronunciation,"University of California, Irvine"
605,Managing an Agile Team,University of Virginia
606,International Law in Action: A Guide to the International Courts and Tribunals in The Hague,Universiteit Leiden
607,"Competencias Laborales: Perfiles, Evaluación y Capacitación.",Universidad de Chile
608,Getting started with TensorFlow 2,Imperial College London
609,Geopolitics of Europe,Sciences Po
610,Osteoarchaeology: The Truth in Our Bones,Universiteit Leiden
611,Mathematics for Machine Learning: PCA,Imperial College London
612,Object Oriented Programming in Java,University of California San Diego
613,Embedded Software and Hardware Architecture,University of Colorado Boulder
614,Memoir and Personal Essay: Managing Your Relationship with the Reader,Wesleyan University
615,Математика и Python для анализа данных,Moscow Institute of Physics and Technology
616,Hacia una práctica constructivista en el aula,Pontificia Universidad Católica de Chile
617,Hypothesis-Driven Development,University of Virginia
618,Accounting Data Analytics with Python,University of Illinois at Urbana-Champaign
619,Introduction to Molecular Spectroscopy,University of Manchester   
620,Managing as a Coach,"University of California, Davis"
621,The fundamentals of hotel distribution,ESSEC Business School
622,A Crash Course in Data Science,Johns Hopkins University
