,Word,Frequency
0,Udemy,987
1,refund,817
2,money,782
3,review,768
4,time,702
5,certificate,514
6,want,488
7,account,478
8,Original,457
9,support,435
10,good,413
11,learning,395
12,work,387
13,customer,385
14,content,383
15,edX,374
16,service,351
17,take,348
18,free,342
19,videos,335
20,paid,312
21,could,302
22,back,302
23,help,292
24,credit,285
25,go,279
26,online,278
27,recommend,273
28,assignments,269
29,never,259
30,people,257
31,pay,255
32,weeks,255
33,still,255
34,platform,252
35,experience,243
36,use,242
37,learn,235
38,got,230
39,You,225
40,email,224
41,company,224
42,also,224
43,great,224
44,My,221
45,nothing,219
46,video,215
47,make,214
48,knowledge,214
49,think,211
50,well,209
51,start,206
52,said,204
53,days,204
54,tried,203
55,material,200
56,In,199
57,bad,198
58,told,193
59,better,193
60,find,192
61,end,192
62,problem,191
63,website,190
64,instructor,185
65,However,185
66,cannot,184
67,purchased,182
68,since,181
69,every,178
70,see,175
71,able,174
72,So,174
73,feel,173
74,another,171
75,found,167
76,using,167
77,EdX,167
78,give,165
79,problems,163
80,took,163
81,issue,162
82,day,162
83,emails,162
84,price,161
85,completed,161
86,education,161
87,need,161
88,contact,159
89,next,159
90,best,156
91,instructors,156
92,class,156
93,request,154
94,students,153
95,complete,152
96,program,151
97,week,151
98,quality,151
99,scam,150
100,full,150
101,however,149
102,3,146
103,1,145
104,That,145
105,anyone,145
106,documents,144
107,without,144
108,30,143
109,learned,142
110,access,142
111,follow,141
112,Nov,140
113,information,139
114,going,139
115,little,139
116,signed,138
117,times,137
118,taking,137
119,receive,137
120,hard,136
121,Very,136
122,received,134
123,Coursera,134
124,used,134
125,process,132
126,given,131
127,waste,130
128,gift,130
129,No,129
130,But,129
131,business,129
132,needed,129
133,set,129
134,away,128
135,reviews,127
136,things,124
137,reply,124
138,bank,123
139,print,123
140,fact,123
141,questions,122
142,via,122
143,world,121
144,seems,121
145,cancel,120
146,At,120
147,final,119
148,cancelled,119
149,taught,118
150,March,117
151,anything,116
152,though,116
153,answer,115
154,13,115
155,taken,115
156,thing,115
157,absolutely,115
158,bought,114
159,everything,113
160,made,113
161,point,113
162,sent,112
163,udemy,111
164,NO,111
165,available,111
166,often,110
167,went,110
168,know,110
169,4,110
170,correct,110
171,interesting,109
172,overall,109
173,long,109
174,option,108
175,2021I,108
176,Also,107
177,5,106
178,later,106
179,rather,106
180,subscription,106
181,study,105
182,NOT,104
183,switch,104
184,real,104
185,Some,104
186,offer,104
187,decided,103
188,getting,103
189,check,103
190,started,102
191,part,102
192,Read,102
193,previous,101
194,web,101
195,link,101
196,classes,101
197,exercises,101
198,case,101
199,trying,101
200,response,100
201,something,100
202,personally,100
203,Science,100
204,When,99
205,professional,99
206,YouTube,98
207,send,98
208,assignment,97
209,offers,97
210,everyone,97
211,waiting,96
212,feedback,96
213,download,96
214,lectures,96
215,avoid,96
216,quizzes,96
217,always,95
218,provided,95
219,wasted,95
220,Instead,95
221,credits,95
222,spent,94
223,ever,94
224,within,94
225,minute,93
226,practice,93
227,wish,93
228,right,93
229,due,91
230,reason,91
231,exam,91
232,contacted,91
233,try,91
234,tell,90
235,June,90
236,top,90
237,gave,90
238,asking,89
239,edx,89
240,A,89
241,seem,89
242,And,89
243,responded,89
244,multiple,89
245,skills,89
246,several,89
247,notes,89
248,last,89
249,student,89
250,happy,88
251,needs,88
252,someone,88
253,professor,87
254,policy,87
255,After,87
256,99,87
257,truly,87
258,trust,86
259,already,86
260,far,85
261,ago,85
262,action,85
263,wrong,85
264,universities,85
265,useful,85
266,put,84
267,code,84
268,life,84
269,makes,84
270,Harvard,84
271,understand,83
272,read,83
273,technical,83
274,actually,83
275,programming,83
276,Learning,83
277,future,83
278,bit,83
279,issues,82
280,say,82
281,15,82
282,month,82
283,saying,82
284,lost,82
285,fine,82
286,person,81
287,minutes,81
288,supposed,81
289,explained,81
290,Python,80
291,teachers,80
292,Even,80
293,subject,80
294,total,79
295,computer,79
296,least,79
297,25,79
298,either,79
299,us,79
300,looking,79
301,paying,79
302,simply,78
303,delivered,78
304,become,78
305,phone,78
306,basic,78
307,easy,77
308,purchase,77
309,instead,77
310,amazing,76
311,format,76
312,Data,76
313,teaching,76
314,completely,76
315,charged,75
316,19,75
317,require,75
318,page,75
319,number,75
320,disappointed,74
321,post,74
322,trial,74
323,different,74
324,almost,73
325,data,73
326,warning,73
327,hours,73
328,terms,72
329,gone,72
330,certain,72
331,general,72
332,grading,71
333,Course,71
334,Their,71
335,excellent,71
336,stopped,71
337,11,70
338,difficult,70
339,date,70
340,question,70
341,Edx,70
342,enrolled,70
343,pretty,70
344,currently,69
345,self,69
346,training,69
347,year,69
348,Good,69
349,modules,69
350,discussion,69
351,writing,69
352,English,69
353,satisfied,69
354,refunded,68
355,useless,68
356,management,68
357,looked,68
358,complaining,68
359,frustrating,68
360,staff,68
361,making,68
362,buy,68
363,update,67
364,matter,67
365,thought,67
366,yet,67
367,helped,67
368,seemed,67
369,explanation,67
370,clear,67
371,submit,67
372,hope,66
373,second,66
374,10,66
375,iOS,66
376,home,66
377,pace,66
378,00,66
379,gives,66
380,twice,65
381,career,65
382,works,65
383,fraud,64
384,care,64
385,answers,64
386,For,64
387,instructions,64
388,stop,64
389,required,64
390,charge,63
391,extension,63
392,Terrible,63
393,test,63
394,personal,63
395,stuck,63
396,extremely,63
397,options,63
398,stay,63
399,6,63
400,Contacted,63
401,payment,62
402,stars,62
403,site,61
404,longer,61
405,helpful,61
406,run,61
407,concept,61
408,sense,61
409,Thanks,61
410,elsewhere,61
411,sticky,60
412,show,60
413,assessed,60
414,closed,60
415,written,60
416,numerous,60
417,16,60
418,First,59
419,fair,59
420,requested,59
421,indicated,58
422,removed,58
423,asked,58
424,annoying,58
425,let,58
426,love,58
427,expect,58
428,file,58
429,tests,57
430,sign,57
431,whole,57
432,teacher,57
433,R,57
434,Not,57
435,keep,57
436,actual,57
437,offered,57
438,tool,57
439,believe,57
440,12,56
441,two,56
442,Waste,56
443,cart,56
444,What,56
445,non,56
446,team,56
447,offering,56
448,example,56
449,sudden,56
450,digital,56
451,Google,55
452,UDEMY,55
453,EDX,55
454,Then,55
455,quite,55
456,Now,55
457,system,55
458,frustrated,55
459,throughout,55
460,complicated,54
461,outdated,54
462,unless,54
463,along,54
464,costs,54
465,Many,54
466,Resolution,54
467,Certificate,54
468,level,54
469,portion,54
470,practices,54
471,opinion,54
472,claim,54
473,expensive,53
474,horrible,53
475,active,53
476,probably,53
477,billing,52
478,Please,52
479,increase,52
480,others,52
481,beginning,51
482,slides,51
483,whatever,51
484,late,51
485,outstanding,51
486,kind,51
487,peers,51
488,pricing,51
489,user,51
490,Machine,50
491,learner,50
492,stuff,50
493,worth,50
494,paper,50
495,card,50
496,significant,50
497,introduction,50
498,points,50
499,possible,50
500,submission,50
501,half,49
502,49,49
503,Just,49
504,Be,49
505,Speaking,49
506,simple,49
507,bait,48
508,product,48
509,hundred,48
510,otherwise,48
511,finally,48
512,Fraud,48
513,input,48
514,forum,48
515,THE,48
516,else,48
517,wanted,48
518,whenever,48
519,randomly,48
520,amount,48
521,middle,48
522,unavailable,48
523,grade,48
524,audit,48
525,together,47
526,original,47
527,create,47
528,chat,47
529,per,47
530,legal,47
531,gets,47
532,Reason,47
533,expected,47
534,50,47
535,giving,47
536,Refund,47
537,enough,47
538,suddenly,46
539,Its,46
540,consuming,46
541,morning,46
542,17,46
543,2020Coursera,46
544,graded,46
545,four,46
546,150,46
547,quiz,46
548,PLACE,46
549,pull,46
550,private,46
551,change,46
552,prior,46
553,resent,46
554,Firefox,46
555,TO,46
556,changed,46
557,Second,46
558,providing,46
559,Word,46
560,Page,46
561,unsafe,46
562,nice,46
563,dangerous,46
564,inconvenience,46
565,enquiry,46
566,copying,46
567,Email,46
568,THAT,46
569,2021,46
570,THAN,46
571,2021Updated,46
572,WORSE,46
573,encountered,45
574,design,45
575,Worst,45
576,curso,45
577,high,45
578,fault,45
579,devices,45
580,institution,45
581,felt,45
582,Business,45
583,easily,45
584,coding,45
585,concepts,45
586,look,44
587,platforms,44
588,certificates,44
589,users,44
590,ones,44
591,liked,44
592,angry,44
593,Things,44
594,talk,44
595,ID,44
596,seen,44
597,early,44
598,period,44
599,today,43
600,hands,43
601,turned,43
602,dollars,43
603,big,43
604,structure,43
605,Overall,43
606,upon,43
607,Computer,43
608,shows,43
609,certification,43
610,promised,43
611,7,42
612,requirements,42
613,science,42
614,stupid,42
615,Bright,42
616,consumer,42
617,idea,42
618,happen,42
619,totally,42
620,topics,42
621,allow,42
622,advice,42
623,specialization,42
624,Avoid,42
625,place,42
626,MIT,42
627,ridiculous,42
628,goes,42
629,wrote,41
630,contents,41
631,says,41
632,studying,41
633,poor,41
634,All,41
635,mail,41
636,blocked,41
637,pages,41
638,included,41
639,months,41
640,details,41
641,en,41
642,designed,40
643,Everything,40
644,On,40
645,old,40
646,topic,40
647,specific,40
648,beginners,40
649,approved,40
650,plan,40
651,continue,40
652,May,40
653,Introduction,40
654,peer,40
655,deadline,39
656,parts,39
657,password,39
658,understanding,39
659,towards,39
660,Great,39
661,9,39
662,login,39
663,pleased,39
664,provide,39
665,institutions,39
666,8,39
667,tutorials,39
668,modern,39
669,log,38
670,alternatives,38
671,years,38
672,signing,38
673,diploma,38
674,around,38
675,play,38
676,companies,38
677,onto,38
678,prices,38
679,chance,38
680,photo,38
681,mediocre,38
682,lesson,38
683,likely,38
684,spend,38
685,statistics,38
686,designer,37
687,resolve,37
688,buggy,37
689,Never,37
690,worked,37
691,working,37
692,assessments,37
693,past,37
694,open,37
695,college,37
696,call,37
697,missing,37
698,properly,37
699,Microsoft,37
700,refunds,37
701,tutor,37
702,ok,37
703,services,37
704,showing,37
705,rest,37
706,hype,36
707,Initially,36
708,Should,36
709,huge,36
710,landing,36
711,NEVER,36
712,advertised,36
713,unprofessional,36
714,complain,36
715,praise,36
716,maybe,36
717,Indeed,36
718,theoretical,36
719,main,36
720,reading,35
721,inconsistent,35
722,leave,35
723,consider,35
724,fully,35
725,moment,35
726,path,35
727,examples,35
728,careful,35
729,As,35
730,processed,35
731,discover,35
732,profit,35
733,14,35
734,results,35
735,author,35
736,machine,35
737,detailed,35
738,MOOC,35
739,recommended,34
740,unused,34
741,Editing,34
742,sell,34
743,looks,34
744,teach,34
745,done,34
746,enrolment,34
747,Proofreading,34
748,comments,34
749,loss,34
750,cost,34
751,development,34
752,connection,34
753,write,34
754,receipt,34
755,interest,34
756,occasion,34
757,Dr,34
758,report,34
759,sad,34
760,million,34
761,important,34
762,cloud,33
763,reputation,33
764,three,33
765,equally,33
766,Needs,33
767,Most,33
768,excuse,33
769,shady,33
770,helps,33
771,round,33
772,piece,33
773,highly,33
774,Gb,33
775,constantly,33
776,bailing,33
777,iPad,33
778,please,33
779,purchasing,33
780,archived,33
781,representatives,33
782,running,33
783,lack,33
784,finish,33
785,lied,33
786,payed,33
787,EXTREMELY,33
788,She,33
789,friendly,33
790,e,33
791,mistake,33
792,droves,33
793,2019I,33
794,streaming,33
795,hoping,33
796,boring,32
797,Too,32
798,mostly,32
799,los,32
800,ignored,32
801,behind,32
802,relevant,32
803,submitting,32
804,fairly,32
805,subjects,32
806,Don,32
807,informative,32
808,Really,32
809,anyway,32
810,More,32
811,confirmed,32
812,rip,32
813,accept,32
814,thoughts,32
815,message,32
816,downloaded,32
817,Bought,32
818,sure,31
819,Enrolled,31
820,scammed,31
821,broken,31
822,added,31
823,Analytics,31
824,pronunciation,31
825,la,31
826,section,31
827,mine,31
828,opportunities,31
829,created,31
830,organize,31
831,missed,31
832,Sept,31
833,hear,31
834,logged,31
835,grammar,31
836,chart,31
837,opted,31
838,Statistical,31
839,especially,31
840,Probability,31
841,billed,31
842,presented,31
843,chose,31
844,heard,31
845,depend,31
846,error,30
847,view,30
848,google,30
849,2018I,30
850,Thinking,30
851,recently,30
852,soon,30
853,misleading,30
854,readability,30
855,workshops,30
856,absolute,30
857,conferences,30
858,Formatting,30
859,collaboration,30
860,messed,30
861,1990s,30
862,circa,30
863,impacting,30
864,uploading,30
865,Managers,30
866,photos,30
867,entire,30
868,notion,30
869,Omg,30
870,browse,30
871,box,30
872,flip,30
873,thinks,30
874,90s,30
875,Third,30
876,jpg,30
877,assessing,30
878,appeal,30
879,pick,30
880,IS,30
881,spending,30
882,requesting,30
883,Assessing,30
884,Wasted,30
885,Submitted,30
886,faster,30
887,Library,30
888,Community,30
889,Usually,30
890,bucks,30
891,Because,29
892,add,29
893,takes,29
894,fake,29
895,denied,29
896,unable,29
897,Here,29
898,python,29
899,90,29
900,track,29
901,Free,29
902,weird,29
903,Case,29
904,screenshots,29
905,formula,29
906,enrollment,29
907,elementary,29
908,Two,29
909,diagram,29
910,Instructors,29
911,introducing,29
912,invested,29
913,abysmal,29
914,Bayes,28
915,strongest,28
916,blog,28
917,short,28
918,Still,28
919,notice,28
920,called,28
921,practical,28
922,UI,28
923,tuned,28
924,automated,28
925,Doing,28
926,reality,28
927,damage,28
928,lazy,28
929,ColumbiaX,28
930,disservice,28
931,etc,28
932,handling,28
933,pre,28
934,DS101X,28
935,worst,28
936,addition,28
937,easier,28
938,views,28
939,urge,28
940,29,28
941,various,28
942,left,28
943,10x,28
944,challenging,28
945,activities,28
946,transcriptionist,28
947,empty,27
948,locked,27
949,spam,27
950,beginner,27
951,IBM,27
952,happens,27
953,Prof,27
954,manner,27
955,immediately,27
956,latest,27
957,feeling,27
958,visible,27
959,improve,27
960,deserved,27
961,definitely,27
962,direct,27
963,wonder,27
964,screen,27
965,finished,27
966,Any,27
967,informed,27
968,letting,27
969,forms,27
970,Statistics,27
971,downhill,26
972,2U,26
973,nonprofit,26
974,Blocked,26
975,800,26
976,cares,26
977,six,26
978,auto,26
979,likes,26
980,materials,26
981,note,26
982,Nothing,26
983,law,26
984,replies,26
985,Who,26
986,plenty,26
987,We,26
988,suitable,26
989,barely,26
990,project,26
991,jargon,26
992,throw,26
993,clearly,26
994,solid,26
995,Cloud,26
996,delivery,26
997,figure,26
998,actively,26
999,return,26
1000,industry,26
1001,lose,26
1002,halfway,26
1003,ask,26
1004,hundreds,26
1005,Art,26
1006,CS50,26
1007,invoice,26
1008,enrolling,26
1009,reference,26
1010,Like,26
1011,watch,26
1012,2020I,26
1013,reached,26
1014,sorry,26
1015,0,26
1016,calls,26
1017,coursesEDX,26
1018,Of,26
1019,discuss,26
1020,app,26
1021,clicked,26
1022,followed,25
1023,words,25
1024,laptop,25
1025,Writing,25
1026,59,25
1027,obviously,25
1028,proper,25
1029,unimaginative,25
1030,programmes,25
1031,reasonable,25
1032,traditional,25
1033,optimising,25
1034,profits,25
1035,Since,25
1036,matters,25
1037,keeping,25
1038,less,25
1039,tragic,25
1040,From,25
1041,may,25
1042,completing,25
1043,resolved,25
1044,professionally,25
1045,reform,25
1046,infographics,25
1047,lab,25
1048,legitimate,25
1049,2022This,25
1050,Programming,25
1051,Week,25
1052,Persuasive,25
1053,school,25
1054,requires,25
1055,Rhetoric,25
1056,enjoyed,25
1057,YOU,25
1058,Meanwhile,25
1059,consumers,25
1060,AESTHINT15,25
1061,institutes,25
1062,Thank,25
1063,tremendous,25
1064,method,25
1065,University,25
1066,wall,25
1067,Public,25
1068,provides,25
1069,info,24
1070,related,24
1071,fees,24
1072,covered,24
1073,Months,24
1074,dear,24
1075,specifications,24
1076,fix,24
1077,rules,24
1078,name,24
1079,guessing,24
1080,busy,24
1081,cheated,24
1082,600,24
1083,broke,24
1084,2019,24
1085,computing,24
1086,wide,24
1087,mumble,24
1088,seriously,24
1089,communicate,24
1090,providers,24
1091,lap,24
1092,Asia,24
1093,2022I,24
1094,Feedback,24
1095,specifific,24
1096,side,24
1097,Being,24
1098,truth,24
1099,listed,24
1100,Verified,24
1101,pleasure,24
1102,happened,24
1103,educational,24
1104,joke,24
1105,unsatisfactory,24
1106,boards,24
1107,corporate,23
1108,guitar,23
1109,published,23
1110,load,23
1111,labs,23
1112,disappointing,23
1113,para,23
1114,confusing,23
1115,marketing,23
1116,hanging,23
1117,coming,23
1118,tasks,23
1119,verify,23
1120,basically,23
1121,watching,23
1122,passed,23
1123,wanting,23
1124,Is,23
1125,committed,23
1126,recent,23
1127,updated,23
1128,starting,23
1129,strange,23
1130,feature,23
1131,losing,23
1132,book,23
1133,crap,23
1134,Foner,23
1135,monthly,23
1136,handed,23
1137,suspended,23
1138,communication,23
1139,desk,23
1140,assessment,23
1141,thus,23
1142,form,23
1143,allows,23
1144,methods,23
1145,stated,23
1146,straight,23
1147,80,23
1148,BUYER,22
1149,CAUTION,22
1150,text,22
1151,keeps,22
1152,refunding,22
1153,whilst,22
1154,errors,22
1155,BEWAREI,22
1156,learners,22
1157,claimed,22
1158,progress,22
1159,summary,22
1160,select,22
1161,software,22
1162,unit,22
1163,Will,22
1164,MicroMasters,22
1165,learnt,22
1166,affects,22
1167,vague,22
1168,searched,22
1169,Would,22
1170,depth,22
1171,definition,22
1172,DO,22
1173,unclear,22
1174,ease,22
1175,trash,22
1176,85,22
1177,Tech,21
1178,Instagram,21
1179,Ordered,21
1180,syllabus,21
1181,clients,21
1182,Teaching,21
1183,policies,21
1184,display,21
1185,twitter,21
1186,rewarding,21
1187,400,21
1188,recipient,21
1189,mind,21
1190,address,21
1191,zero,21
1192,printing,21
1193,dry,21
1194,texts,21
1195,Actual,21
1196,THIRD,21
1197,disgusting,21
1198,enterprise,21
1199,touting,21
1200,ties,21
1201,garbage,21
1202,improved,21
1203,choose,21
1204,Chat,21
1205,instruction,21
1206,express,21
1207,youtube,21
1208,reasons,21
1209,awful,21
1210,clue,21
1211,Disgusted,21
1212,seek,21
1213,overwhelming,21
1214,search,21
1215,auditing,21
1216,AND,21
1217,Having,21
1218,incorrect,21
1219,solution,21
1220,talking,21
1221,withdrew,21
1222,COVID,21
1223,Institution,21
1224,empathy,21
1225,pandemic,21
1226,causing,21
1227,thousands,21
1228,strain,21
1229,grow,21
1230,noticed,20
1231,enquired,20
1232,cutoff,20
1233,hide,20
1234,promotion,20
1235,success,20
1236,filed,20
1237,clarify,20
1238,affordable,20
1239,hour,20
1240,disappointment,20
1241,quickly,20
1242,prevents,20
1243,folded,20
1244,Additionally,20
1245,appreciate,20
1246,low,20
1247,comes,20
1248,SUPPORT,20
1249,field,20
1250,rocket,20
1251,fast,20
1252,Online,20
1253,Strategies,20
1254,bullet,20
1255,sec,20
1256,star,20
1257,convinced,20
1258,dictionary,20
1259,fell,20
1260,selecting,20
1261,Based,20
1262,honest,20
1263,learns,20
1264,While,20
1265,Dec,20
1266,upset,20
1267,increasing,20
1268,forget,20
1269,behavior,20
1270,special,20
1271,turns,20
1272,textbook,20
1273,redundant,20
1274,experienced,20
1275,framework,20
1276,toughest,19
1277,Thinks,19
1278,в,19
1279,forward,19
1280,Toll,19
1281,el,19
1282,blatant,19
1283,mistakes,19
1284,Call,19
1285,major,19
1286,97495,19
1287,came,19
1288,50565,19
1289,Mondays,19
1290,Fridays,19
1291,environment,19
1292,lecture,19
1293,partially,19
1294,severely,19
1295,generate,19
1296,tools,19
1297,cared,19
1298,sometimes,19
1299,unanswered,19
1300,launching,19
1301,Advanced,19
1302,Pro,19
1303,Further,19
1304,smooth,19
1305,basics,19
1306,speak,19
1307,certifications,19
1308,putting,19
1309,luck,19
1310,annoyed,19
1311,250,19
1312,except,19
1313,human,19
1314,automatic,19
1315,upload,19
1316,hell,19
1317,act,18
1318,copies,18
1319,light,18
1320,daughters,18
1321,AGGRESSIVE,18
1322,campaigns,18
1323,Russia,18
1324,explain,18
1325,seeing,18
1326,upwards,18
1327,staggering,18
1328,aspects,18
1329,girls,18
1330,Over,18
1331,shopping,18
1332,BOMBARDED,18
1333,UX,18
1334,dumb,18
1335,Upon,18
1336,experiencing,18
1337,appropriating,18
1338,popular,18
1339,decipher,18
1340,junk,18
1341,FRAUD,18
1342,decent,18
1343,lessons,18
1344,beware,18
1345,lots,18
1346,organized,18
1347,es,18
1348,violated,18
1349,un,18
1350,accessing,18
1351,Tried,18
1352,discovered,18
1353,terminology,18
1354,share,18
1355,verified,18
1356,upgrade,18
1357,Quizzes,18
1358,particularly,18
1359,context,18
1360,Paid,18
1361,fixed,18
1362,tech,18
1363,statement,18
1364,particular,18
1365,concerns,18
1366,Stay,18
1367,Excellence,18
1368,Guidelines,18
1369,apologized,18
1370,apologizing,18
1371,wont,18
1372,cant,18
1373,troubles,18
1374,Try,18
1375,functioning,18
1376,soled,18
1377,India,18
1378,creator,18
1379,Ever,18
1380,confident,18
1381,certified,18
1382,reassured,18
1383,interests,18
1384,Group,18
1385,Innovation,18
1386,whatsoever,18
1387,safe,18
1388,variety,18
1389,Rabbish,18
1390,noone,18
1391,AIGPE,18
1392,single,18
1393,stack,17
1394,Slides,17
1395,voluntary,17
1396,Hence,17
1397,Besides,17
1398,reach,17
1399,subscribers,17
1400,value,17
1401,rushed,17
1402,applications,17
1403,effective,17
1404,certificated,17
1405,duties,17
1406,opportunity,17
1407,background,17
1408,JUST,17
1409,GET,17
1410,Basically,17
1411,virtually,17
1412,Come,17
1413,FOLKS,17
1414,INTERESTED,17
1415,ARE,17
1416,FIELD,17
1417,ratings,17
1418,SEARCH,17
1419,sources,17
1420,superstars,17
1421,earth,17
1422,calendar,17
1423,job,17
1424,Other,17
1425,couple,17
1426,deception,17
1427,YOUTUBE,17
1428,contacting,17
1429,pretending,17
1430,sales,17
1431,GO,17
1432,products,17
1433,responses,17
1434,dream,17
1435,replied,17
1436,Set,17
1437,20,17
1438,confidence,17
1439,max,17
1440,deadlines,17
1441,He,17
1442,repeatedly,17
1443,saw,17
1444,dynamic,17
1445,Prices,17
1446,mandatory,17
1447,Using,17
1448,practise,17
1449,complex,17
1450,PythonMITx,17
1451,schooling,17
1452,deep,17
1453,backwards,17
1454,18,17
1455,beyond,17
1456,Unacceptable,17
1457,1x,17
1458,integrity,17
1459,Due,17
1460,Analysis,17
1461,accredited,17
1462,UDemy,17
1463,demanding,17
1464,unenrolled,17
1465,ANYTHING,17
1466,Nope,17
1467,Completely,17
1468,changing,17
1469,warn,17
1470,unsatisfying,17
1471,CourseThe,17
1472,networks,17
1473,quote,17
1474,developing,17
1475,commit,17
1476,semester,17
1477,Forget,16
1478,enroll,16
1479,Corp,16
1480,deliver,16
1481,selection,16
1482,tuition,16
1483,Unlike,16
1484,Available,16
1485,refresh,16
1486,B,16
1487,2020When,16
1488,PC,16
1489,convenient,16
1490,Azure,16
1491,sites,16
1492,SCAM,16
1493,Design,16
1494,function,16
1495,LEARNING,16
1496,unique,16
1497,Pretty,16
1498,exaggerated,16
1499,remove,16
1500,lo,16
1501,Whatever,16
1502,decide,16
1503,sister,16
1504,buying,16
1505,circulating,16
1506,capstone,16
1507,scams,16
1508,HONORED,16
1509,flooded,16
1510,Ned,16
1511,mailbox,16
1512,build,16
1513,accommodate,16
1514,CERTAINLY,16
1515,burden,16
1516,cents,16
1517,local,16
1518,gifting,16
1519,consumed,16
1520,profitable,16
1521,bloggers,16
1522,audacity,16
1523,Repeatedly,16
1524,levels,16
1525,deny,16
1526,proudly,16
1527,Sheer,16
1528,Lies,16
1529,news,16
1530,tone,16
1531,key,16
1532,signup,16
1533,expended,16
1534,Well,16
1535,feels,16
1536,module,16
1537,incompetence,16
1538,discount,16
1539,giant,16
1540,Absolutely,16
1541,block,15
1542,move,15
1543,pays,15
1544,Yesterday,15
1545,ignore,15
1546,Coincidence,15
1547,Retaliation,15
1548,lodging,15
1549,cancellation,15
1550,disappeared,15
1551,stops,15
1552,UPDATE,15
1553,warned,15
1554,list,15
1555,glitch,15
1556,PLATFORM,15
1557,minimal,15
1558,History,15
1559,theft,15
1560,deliberate,15
1561,compared,15
1562,euros,15
1563,son,15
1564,WORST,15
1565,Instructional,15
1566,force,15
1567,abilities,15
1568,university,15
1569,usually,15
1570,ML,15
1571,pero,15
1572,customers,15
1573,SEO,15
1574,internet,15
1575,Aug,15
1576,slow,15
1577,hardware,15
1578,interactive,15
1579,Literally,15
1580,existent,15
1581,deleting,15
1582,appears,15
1583,resource,15
1584,valid,15
1585,areas,15
1586,showcase,15
1587,pursuing,15
1588,recommendation,15
1589,letter,15
1590,atrocious,15
1591,Today,15
1592,restore,15
1593,DR,14
1594,incompetent,14
1595,essential,14
1596,garante,14
1597,agaist,14
1598,contract,14
1599,anymore,14
1600,figured,14
1601,20hr,14
1602,night,14
1603,investigation,14
1604,Ban,14
1605,Recently,14
1606,recomend,14
1607,posturing,14
1608,chasing,14
1609,equal,14
1610,disruptive,14
1611,revolutionizing,14
1612,pocket,14
1613,globe,14
1614,famous,14
1615,brings,14
1616,wholeheartedly,14
1617,Technology,14
1618,pointless,14
1619,Can,14
1620,pasting,14
1621,research,14
1622,deeper,14
1623,3rd,14
1624,se,14
1625,muy,14
1626,Id,14
1627,speakers,14
1628,experiences,14
1629,inspiring,14
1630,language,14
1631,varning,14
1632,succeeding,14
1633,Education,14
1634,examprep,14
1635,Git,14
1636,boxes,14
1637,Hub,14
1638,recognise,14
1639,Social,14
1640,enjoy,14
1641,edit,14
1642,Furthermore,14
1643,las,14
1644,Diego,14
1645,Columbia,14
1646,politics,14
1647,complet,14
1648,steal,14
1649,extremly,14
1650,excelent,14
1651,exercices,14
1652,strucrured,14
1653,thrilling,14
1654,requirement,14
1655,line,14
1656,selected,14
1657,order,14
1658,August,14
1659,USB,14
1660,documenting,14
1661,cheaply,14
1662,mark,14
1663,mindfuel,14
1664,steals,14
1665,malware,14
1666,client,14
1667,124,14
1668,fail,14
1669,fraudulent,14
1670,Customer,14
1671,intentionally,14
1672,mentioned,14
1673,Once,14
1674,connected,14
1675,varies,14
1676,dot,14
1677,5th,14
1678,withou,14
1679,31,14
1680,unrespecful,14
1681,poorly,14
1682,Imediatelly,14
1683,robber,14
1684,result,14
1685,assist,13
1686,systems,13
1687,directed,13
1688,save,13
1689,cache,13
1690,overpriced,13
1691,sucks,13
1692,WAY,13
1693,debit,13
1694,deserves,13
1695,recorded,13
1696,close,13
1697,2nd,13
1698,motivating,13
1699,FB,13
1700,Better,13
1701,ACTUAL,13
1702,IG,13
1703,Regardless,13
1704,answered,13
1705,Mgmt,13
1706,By,13
1707,history,13
1708,Company,13
1709,COOL,13
1710,bring,13
1711,Questions,13
1712,based,13
1713,solve,13
1714,Than,13
1715,Response,13
1716,Giving,13
1717,guidance,13
1718,Confused,13
1719,Sucking,13
1720,ID7140476,13
1721,Blood,13
1722,Complain,13
1723,Without,13
1724,Blocking,13
1725,Account,13
1726,Specific,13
1727,server,13
1728,SAD,13
1729,budget,13
1730,studies,13
1731,webpage,13
1732,cheating,13
1733,enter,13
1734,agreement,13
1735,rate,13
1736,Spanish,13
1737,Dynamic,13
1738,2022Signed,13
1739,LinkedIn,13
1740,discounted,13
1741,programs,13
1742,Classic,13
1743,necessary,13
1744,gain,13
1745,Content,13
1746,Media,13
1747,food,13
1748,correctly,13
1749,effort,13
1750,affable,13
1751,ppt,13
1752,drop,13
1753,complaint,13
1754,questionable,13
1755,por,13
1756,incomplete,13
1757,Professor,13
1758,jacked,13
1759,disaster,13
1760,rep,13
1761,audited,13
1762,forced,13
1763,previously,12
1764,plate,12
1765,stayhome,12
1766,starts,12
1767,largely,12
1768,facing,12
1769,thinking,12
1770,Contacting,12
1771,brought,12
1772,proficient,12
1773,Tell,12
1774,Signed,12
1775,season,12
1776,engaging,12
1777,attempted,12
1778,bammo,12
1779,2019It,12
1780,browser,12
1781,BUY,12
1782,Your,12
1783,uses,12
1784,rarely,12
1785,oriented,12
1786,overview,12
1787,files,12
1788,Felt,12
1789,selling,12
1790,addresses,12
1791,mad,12
1792,game,12
1793,Credit,12
1794,July,12
1795,ahead,12
1796,THERE,12
1797,CREDIT,12
1798,OPTION,12
1799,progressed,12
1800,Ive,12
1801,complaints,12
1802,partners,12
1803,SELECT,12
1804,Im,12
1805,submissions,12
1806,score,12
1807,approach,12
1808,enjoyable,12
1809,COVID19,12
1810,IF,12
1811,notch,12
1812,invaluable,12
1813,During,12
1814,suggesting,12
1815,OR,12
1816,promising,12
1817,type,12
1818,random,12
1819,explanations,12
1820,obsessed,12
1821,willing,12
1822,subscribed,12
1823,seller,12
1824,decade,12
1825,Psychology,12
1826,ORIGINAL,12
1827,PAYMENT,12
1828,METHOD,12
1829,2019The,12
1830,unpleasant,12
1831,architectural,12
1832,commuting,12
1833,evidence,12
1834,outright,12
1835,suck,12
1836,Reported,12
1837,motto,12
1838,truthful,12
1839,C,12
1840,circumstance,12
1841,somewhat,12
1842,Which,12
1843,ads,12
1844,vetting,12
1845,lie,12
1846,sprinkling,12
1847,concerned,12
1848,creates,12
1849,choice,12
1850,staying,12
1851,Horrible,12
1852,22,12
1853,EVEN,12
1854,60,11
1855,attend,11
1856,Justice,11
1857,messages,11
1858,confused,11
1859,Chris,11
1860,Shady,11
1861,EXAMINATION,11
1862,suggested,11
1863,OVERVIEW,11
1864,ticket,11
1865,five,11
1866,depends,11
1867,Loyal,11
1868,cry,11
1869,includes,11
1870,native,11
1871,forums,11
1872,embedded,11
1873,dont,11
1874,posted,11
1875,и,11
1876,guide,11
1877,METHODMost,11
1878,facts,11
1879,marked,11
1880,Getting,11
1881,Started,11
1882,Arm,11
1883,Promised,11
1884,decision,11
1885,Only,11
1886,Essentials,11
1887,shame,11
1888,must,11
1889,word,11
1890,Systems,11
1891,player,11
1892,nerd,11
1893,quarter,11
1894,promise,11
1895,deprive,11
1896,Wasn,11
1897,classroom,11
1898,200,11
1899,afford,11
1900,wasting,11
1901,Codepen,11
1902,40,11
1903,Deleting,11
1904,fortune,11
1905,Where,11
1906,unethical,11
1907,utter,11
1908,rubbish,11
1909,Feb,11
1910,redeemed,11
1911,irrelevant,11
1912,guess,11
1913,disgraceful,11
1914,Video,11
1915,stopping,11
1916,shared,11
1917,tough,11
1918,lifetime,11
1919,mean,11
1920,curiosity,11
1921,silly,11
1922,higher,11
1923,admitted,11
1924,Embedded,11
1925,serious,11
1926,might,11
1927,possibility,11
1928,temporarily,11
1929,tip,11
1930,boiler,11
1931,Note,11
1932,applied,11
1933,detail,10
1934,mobile,10
1935,webcam,10
1936,Courses,10
1937,functions,10
1938,Attempted,10
1939,org,10
1940,ransom,10
1941,satisfying,10
1942,document,10
1943,OK,10
1944,grant,10
1945,currency,10
1946,receiving,10
1947,letters,10
1948,meetings,10
1949,reviewing,10
1950,external,10
1951,Criminal,10
1952,live,10
1953,instructed,10
1954,How,10
1955,setup,10
1956,micromasters,10
1957,recognized,10
1958,unfriendly,10
1959,curriculum,10
1960,avenues,10
1961,Peer,10
1962,Wrong,10
1963,dates,10
1964,kept,10
1965,Unity,10
1966,disconnect,10
1967,Presentations,10
1968,realise,10
1969,state,10
1970,checkout,10
1971,Do,10
1972,assuming,10
1973,anybody,10
1974,professors,10
1975,introductory,10
1976,living,10
1977,motivated,10
1978,бы,10
1979,headache,10
1980,CS,10
1981,according,10
1982,supportI,10
1983,ridiculously,10
1984,130,10
1985,browsing,10
1986,influence,10
1987,met,10
1988,boot,10
1989,apparent,10
1990,bootcamp,10
1991,ended,10
1992,kicked,10
1993,individual,10
1994,violation,10
1995,camp,10
1996,excited,10
1997,handout,10
1998,somehow,10
1999,Oct,10
2000,remote,10
2001,version,10
2002,CurrencyLass,10
2003,mode,10
2004,fee,10
2005,fit,10
2006,chased,10
2007,SQL,10
2008,inside,10
2009,intentional,10
2010,84,10
2011,od,10
2012,engine,9
2013,hikes,9
2014,merge,9
2015,focus,9
2016,named,9
2017,qualified,9
2018,Janet,9
2019,RamalloSan,9
2020,Such,9
2021,filling,9
2022,exceptional,9
2023,State,9
2024,apply,9
2025,runs,9
2026,con,9
2027,GOOD,9
2028,Highly,9
2029,focused,9
2030,hand,9
2031,Vietnamese,9
2032,pure,9
2033,application,9
2034,furious,9
2035,collected,9
2036,frankly,9
2037,2022A,9
2038,absurd,9
2039,laws,9
2040,frame,9
2041,commensurate,9
2042,protection,9
2043,property,9
2044,obligation,9
2045,small,9
2046,bill,9
2047,accessed,9
2048,al,9
2049,stealing,9
2050,mess,9
2051,blatantly,9
2052,alone,9
2053,bar,9
2054,Let,9
2055,colors,9
2056,sit,9
2057,Support,9
2058,Q,9
2059,dots,9
2060,distracting,9
2061,blinking,9
2062,uncultured,9
2063,listening,9
2064,prehistoric,9
2065,clarity,9
2066,behaving,9
2067,civilized,9
2068,rating,9
2069,Maybe,9
2070,assets,9
2071,knowledgeable,9
2072,creating,9
2073,blockchain,9
2074,del,9
2075,proctoring,9
2076,attempts,9
2077,ONE,9
2078,не,9
2079,mystic,9
2080,sending,9
2081,US,9
2082,languages,9
2083,whether,9
2084,appreciated,9
2085,held,9
2086,editing,9
2087,beneficial,9
2088,emailed,9
2089,Linux,9
2090,Designing,9
2091,macOS,9
2092,fintech,9
2093,layout,9
2094,leaves,9
2095,websites,9
2096,organisation,9
2097,compleet,9
2098,attempt,9
2099,Assignments,9
2100,Therefore,9
2101,swallow,9
2102,multi,9
2103,Professional,9
2104,reports,9
2105,holding,9
2106,Get,9
2107,REAL,9
2108,bot,9
2109,imparting,9
2110,PS,9
2111,political,9
2112,situation,9
2113,guys,9
2114,insult,9
2115,forever,9
2116,checked,9
2117,Jan,9
2118,Site,9
2119,SEE,9
2120,popularity,9
2121,bots,9
2122,GENUINE,9
2123,role,9
2124,messge,9
2125,FAQs,9
2126,To,9
2127,rated,9
2128,Cool,9
2129,TERRIBLE,9
2130,disappear,9
2131,preparing,9
2132,faced,9
2133,closing,8
2134,como,8
2135,channels,8
2136,approaching,8
2137,unbroken,8
2138,um,8
2139,executives,8
2140,November,8
2141,Type,8
2142,unity,8
2143,helpfulness,8
2144,consistency,8
2145,grader,8
2146,projects,8
2147,instantly,8
2148,quick,8
2149,employee,8
2150,Peak,8
2151,resolution,8
2152,performing,8
2153,VERY,8
2154,cohort,8
2155,accounts,8
2156,impressed,8
2157,superficial,8
2158,plans,8
2159,security,8
2160,AI,8
2161,searching,8
2162,notifications,8
2163,mathematics,8
2164,upgrades,8
2165,paced,8
2166,на,8
2167,una,8
2168,ON,8
2169,slightly,8
2170,End,8
2171,Keras,8
2172,intro,8
2173,woman,8
2174,bien,8
2175,Surprised,8
2176,curve,8
2177,CERTIFICATES,8
2178,MONEY,8
2179,fan,8
2180,fired,8
2181,Anyway,8
2182,capturing,8
2183,means,8
2184,mirror,8
2185,none,8
2186,camera,8
2187,verification,8
2188,stats,8
2189,story,8
2190,apparently,8
2191,incredibly,8
2192,apak,8
2193,step,8
2194,responsible,8
2195,following,8
2196,Someone,8
2197,dollar,8
2198,mugshot,8
2199,pass,8
2200,comment,8
2201,quit,8
2202,links,8
2203,ultimate,8
2204,acknowledged,8
2205,repeating,8
2206,PDFs,8
2207,payments,8
2208,challenge,8
2209,source,8
2210,Have,8
2211,Asked,8
2212,Definitely,8
2213,Lately,8
2214,Fundamentals,8
2215,ordering,8
2216,organization,8
2217,locking,8
2218,satisfaction,8
2219,trainer,8
2220,ya,8
2221,treated,8
2222,Excel,8
2223,unacceptable,8
2224,kidding,8
2225,led,8
2226,greatly,8
2227,IT,8
2228,prefer,8
2229,100,8
2230,shocked,8
2231,April,8
2232,versions,8
2233,Scam,8
2234,spends,8
2235,series,8
2236,2017I,8
2237,possibly,8
2238,model,8
2239,misinforming,8
2240,peanuts,8
2241,Especially,8
2242,45,8
2243,2021Paid,8
2244,Are,8
2245,2022,8
2246,readings,8
2247,downloads,7
2248,discussed,7
2249,mi,7
2250,benefit,7
2251,Finally,7
2252,cover,7
2253,frustration,7
2254,le,7
2255,cards,7
2256,2022How,7
2257,El,7
2258,cases,7
2259,Watson,7
2260,charging,7
2261,telephone,7
2262,One,7
2263,Frustrated,7
2264,expecting,7
2265,come,7
2266,nature,7
2267,accounting,7
2268,valuable,7
2269,style,7
2270,gained,7
2271,instructional,7
2272,Imperial,7
2273,difficulty,7
2274,names,7
2275,Easy,7
2276,considerably,7
2277,altogether,7
2278,intermittingly,7
2279,Check,7
2280,2022While,7
2281,Lectures,7
2282,commitment,7
2283,begin,7
2284,true,7
2285,syntax,7
2286,diverse,7
2287,mention,7
2288,wants,7
2289,refining,7
2290,folks,7
2291,structured,7
2292,Edux,7
2293,penny,7
2294,Teach,7
2295,relevance,7
2296,resources,7
2297,professionals,7
2298,TU,7
2299,Legitimately,7
2300,Delft,7
2301,encourage,7
2302,motivates,7
2303,Switching,7
2304,flexibile,7
2305,UMGC,7
2306,Mozilla,7
2307,Netscape,7
2308,recurring,7
2309,Big,7
2310,founding,7
2311,Berkley,7
2312,graduate,7
2313,equivalency,7
2314,standardized,7
2315,employers,7
2316,worthwhile,7
2317,passwords,7
2318,presumably,7
2319,Lol,7
2320,foundation,7
2321,Go,7
2322,2022Coursera,7
2323,Micromasters,7
2324,imparticular,7
2325,4000,7
2326,average,7
2327,shocker,7
2328,FAQ,7
2329,diet,7
2330,fitness,7
2331,directs,7
2332,activate,7
2333,tremendously,7
2334,Cathy,7
2335,Music,7
2336,blessing,7
2337,ALERT,7
2338,advertising,7
2339,abiltiy,7
2340,accountable,7
2341,BEWARE,7
2342,nutritionist,7
2343,opt,7
2344,desired,7
2345,pandas,7
2346,Submission,7
2347,PAID,7
2348,clumsy,7
2349,directions,7
2350,relies,7
2351,literally,7
2352,These,7
2353,downright,7
2354,uneven,7
2355,horrendous,7
2356,Why,7
2357,whose,7
2358,fire,7
2359,lame,7
2360,School,7
2361,presenter,7
2362,YOUR,7
2363,что,7
2364,scheme,7
2365,besmirches,7
2366,seats,7
2367,lacks,7
2368,unauthorized,7
2369,presentations,7
2370,курс,7
2371,te,7
2372,Sometimes,7
2373,2020,7
2374,costing,7
2375,minimum,7
2376,nowhere,7
2377,я,7
2378,qustionairs,7
2379,reasoning,7
2380,invoices,7
2381,models,7
2382,operating,7
2383,burn,7
2384,recourse,7
2385,steep,7
2386,charges,7
2387,cash,7
2388,demand,7
2389,Bureau,7
2390,Quicker,7
2391,sold,7
2392,ejercicios,7
2393,theory,7
2394,2020It,6
2395,familiar,6
2396,upfront,6
2397,awesome,6
2398,favorite,6
2399,Several,6
2400,alternative,6
2401,intermediate,6
2402,audio,6
2403,Skills,6
2404,WTFFFFFFFFFF,6
2405,ethical,6
2406,O,6
2407,Datacamp,6
2408,1st,6
2409,leading,6
2410,mix,6
2411,Academy,6
2412,professionalism,6
2413,2020The,6
2414,thread,6
2415,Khan,6
2416,countries,6
2417,Message,6
2418,Although,6
2419,Abbie,6
2420,Ended,6
2421,W,6
2422,presents,6
2423,é,6
2424,inapporpriate,6
2425,Programme,6
2426,current,6
2427,accepted,6
2428,exactly,6
2429,impossible,6
2430,deducted,6
2431,lecturers,6
2432,copy,6
2433,attended,6
2434,libraries,6
2435,chrome,6
2436,Quality,6
2437,depending,6
2438,ending,6
2439,wait,6
2440,unhelpful,6
2441,firefox,6
2442,falta,6
2443,earlier,6
2444,autograder,6
2445,Unbelievable,6
2446,nephews,6
2447,его,6
2448,Could,6
2449,downside,6
2450,remainder,6
2451,IEOther,6
2452,qualification,6
2453,resort,6
2454,курса,6
2455,achieved,6
2456,components,6
2457,filming,6
2458,onlyfans,6
2459,rectified,6
2460,announcement,6
2461,discontinuation,6
2462,1000,6
2463,Agile,6
2464,reviewed,6
2465,raise,6
2466,Plus,6
2467,Spark,6
2468,cuestionarios,6
2469,therefore,6
2470,covers,6
2471,hints,6
2472,hay,6
2473,rendered,6
2474,subsequently,6
2475,stipulated,6
2476,USD,6
2477,analysis,6
2478,admin,6
2479,este,6
2480,rich,6
2481,failed,6
2482,definitions,6
2483,sections,6
2484,worse,6
2485,Exercises,6
2486,dealt,6
2487,hopeful,6
2488,successfully,6
2489,repetitive,6
2490,sought,6
2491,extracting,6
2492,drive,6
2493,fill,6
2494,по,6
2495,interact,6
2496,coded,6
2497,interaction,6
2498,perspective,6
2499,extra,6
2500,Congratulations,6
2501,efficient,6
2502,happier,6
2503,head,6
2504,conversion,6
2505,instructorsupport,6
2506,difference,6
2507,watched,6
2508,judge,6
2509,terrible,6
2510,See,6
2511,2021This,6
2512,domain,6
2513,tutors,6
2514,26,6
2515,comfortable,6
2516,notebook,6
2517,authors,6
2518,paltform,6
2519,amzing,6
2520,universitys,6
2521,collection,6
2522,studied,6
2523,mejorar,6
2524,Excelent,6
2525,solving,6
2526,department,6
2527,bookmarks,6
2528,bored,6
2529,Keep,6
2530,tedious,6
2531,cleared,6
2532,conditions,6
2533,desiring,6
2534,Took,6
2535,lockdown,6
2536,Has,6
2537,essentials,6
2538,UP,6
2539,Valencia,6
2540,across,5
2541,Basic,5
2542,leadership,5
2543,brief,5
2544,41,5
2545,tutorial,5
2546,Digital,5
2547,comprehension,5
2548,exact,5
2549,Marketing,5
2550,justice,5
2551,reload,5
2552,Stanford,5
2553,blocks,5
2554,yes,5
2555,404,5
2556,appearing,5
2557,loader,5
2558,refinement,5
2559,becomes,5
2560,postings,5
2561,Organisational,5
2562,Subsequent,5
2563,datasets,5
2564,thankfully,5
2565,pedagogy,5
2566,impression,5
2567,employees,5
2568,pennies,5
2569,EDx,5
2570,girlfriend,5
2571,opened,5
2572,realised,5
2573,Obviously,5
2574,outsourced,5
2575,undeveloped,5
2576,есть,5
2577,hr,5
2578,introductionProbability,5
2579,Simply,5
2580,semana,5
2581,mas,5
2582,presentation,5
2583,ideal,5
2584,fundamentals,5
2585,Micro,5
2586,Masters,5
2587,Anything,5
2588,excel,5
2589,Buy,5
2590,tries,5
2591,GCP,5
2592,expenses,5
2593,Nevertheless,5
2594,invoicing,5
2595,attention,5
2596,credential,5
2597,applying,5
2598,despite,5
2599,area,5
2600,manage,5
2601,session,5
2602,description,5
2603,developer,5
2604,но,5
2605,так,5
2606,как,5
2607,к,5
2608,San,5
2609,más,5
2610,consultant,5
2611,chatting,5
2612,uk,5
2613,ordeal,5
2614,objectives,5
2615,analytics,5
2616,abstract,5
2617,bode,5
2618,reconfirm,5
2619,responsive,5
2620,decides,5
2621,Anlaytics,5
2622,eventually,5
2623,selections,5
2624,Enrolment,5
2625,Trying,5
2626,potato,5
2627,hold,5
2628,admissions,5
2629,booking,5
2630,unhelpfulness,5
2631,silence,5
2632,phonecalls,5
2633,unproffesionalism,5
2634,dreadful,5
2635,numbing,5
2636,exasperation,5
2637,officials,5
2638,examinations,5
2639,fogotten,5
2640,Both,5
2641,Bootcamp,5
2642,Front,5
2643,WebDevelopment,5
2644,Sunday,5
2645,Slack,5
2646,telling,5
2647,communicative,5
2648,followup,5
2649,48,5
2650,systematic,5
2651,Neither,5
2652,muito,5
2653,slots,5
2654,lecturer,5
2655,restarted,5
2656,comI,5
2657,additional,5
2658,highlighted,5
2659,meaningful,5
2660,DP,5
2661,300,5
2662,Es,5
2663,Help,5
2664,Videos,5
2665,cheap,5
2666,mayor,5
2667,afterthought,5
2668,то,5
2669,energy,5
2670,retired,5
2671,sound,5
2672,для,5
2673,U,5
2674,snappy,5
2675,stressed,5
2676,patient,5
2677,lovely,5
2678,Amazing,5
2679,Los,5
2680,query,5
2681,finding,5
2682,incorrectly,5
2683,lower,5
2684,handled,5
2685,inertia,5
2686,leads,5
2687,although,5
2688,duplicate,5
2689,descriptions,5
2690,Studio,5
2691,boilerplate,5
2692,mentors,5
2693,doubt,5
2694,lacking,5
2695,voice,5
2696,Pandas,5
2697,Pull,5
2698,considering,5
2699,colleagues,5
2700,programación,5
2701,intern,5
2702,discussions,5
2703,COURSES,4
2704,MOST,4
2705,Absolute,4
2706,shortly,4
2707,ARENT,4
2708,CPD,4
2709,okay,4
2710,numbers,4
2711,claims,4
2712,Quiz,4
2713,solved,4
2714,WASTE,4
2715,AS,4
2716,brain,4
2717,RECEIVE,4
2718,HERE,4
2719,CANT,4
2720,Students,4
2721,WASTED,4
2722,REGISTERED,4
2723,manuel,4
2724,recommendations,4
2725,SO,4
2726,filled,4
2727,sitting,4
2728,solo,4
2729,MUCH,4
2730,jumped,4
2731,Assignment,4
2732,regular,4
2733,production,4
2734,TIME,4
2735,image,4
2736,conocimiento,4
2737,SOME,4
2738,appartment,4
2739,badly,4
2740,couse,4
2741,attending,4
2742,fiscal,4
2743,commands,4
2744,built,4
2745,contrary,4
2746,pronounces,4
2747,unnecessary,4
2748,ignorant,4
2749,outside,4
2750,codes,4
2751,accents,4
2752,swirl,4
2753,biggest,4
2754,draws,4
2755,intuition,4
2756,permanent,4
2757,competitive,4
2758,strategy,4
2759,undertaken,4
2760,nobody,4
2761,didnt,4
2762,consumption,4
2763,gonna,4
2764,accordingly,4
2765,SCAMMERS,4
2766,thanks,4
2767,homework,4
2768,meantime,4
2769,obliges,4
2770,diferent,4
2771,proving,4
2772,unblock,4
2773,webservices,4
2774,adding,4
2775,apache,4
2776,español,4
2777,library,4
2778,involved,4
2779,buscar,4
2780,HTML,4
2781,Unfortunately,4
2782,building,4
2783,calculus,4
2784,large,4
2785,очень,4
2786,pdf,4
2787,у,4
2788,людей,4
2789,Но,4
2790,interesante,4
2791,sale,4
2792,ignorance,4
2793,уже,4
2794,match,4
2795,naming,4
2796,veces,4
2797,à,4
2798,En,4
2799,windows,4
2800,pronounce,4
2801,fun,4
2802,algorithms,4
2803,Korean,4
2804,knows,4
2805,generally,4
2806,thank,4
2807,preferred,4
2808,javascript,4
2809,turn,4
2810,China,4
2811,SOO,4
2812,100x,4
2813,trouble,4
2814,cuff,4
2815,phd,4
2816,programmers,4
2817,improves,4
2818,introduce,4
2819,poco,4
2820,proxy,4
2821,stable,4
2822,chain,4
2823,supply,4
2824,techniques,4
2825,super,4
2826,explaining,4
2827,polished,4
2828,sociopaths,4
2829,visualization,4
2830,Vásquez,4
2831,timing,4
2832,legally,4
2833,certainly,4
2834,reset,4
2835,com,4
2836,somewhere,4
2837,Ecuador,4
2838,Lía,4
2839,corporation,4
2840,2022Their,4
2841,comeback,4
2842,sneaking,4
2843,sub,4
2844,subscriptions,4
2845,CARE,4
2846,title,4
2847,Otherwise,4
2848,Honestly,4
2849,Correspondence,4
2850,knew,4
2851,Need,4
2852,layer,4
2853,remember,4
2854,basis,4
2855,материалов,4
2856,concerning,4
2857,New,4
2858,loved,4
2859,blame,4
2860,majority,4
2861,glad,4
2862,bugs,4
2863,transcript,4
2864,court,4
2865,queries,4
2866,não,4
2867,processes,4
2868,calculations,4
2869,2016,4
2870,include,4
2871,deflect,4
2872,remotely,4
2873,pictures,4
2874,remedied,4
2875,sufficient,4
2876,formulas,4
2877,coursera,4
2878,shallow,4
2879,contenidos,4
2880,gap,4
2881,algo,4
2882,también,4
2883,speed,4
2884,suggest,4
2885,ideas,4
2886,With,4
2887,Greetings,4
2888,USE,4
2889,industries,4
2890,covering,4
2891,em,4
2892,Was,4
2893,math,4
2894,educated,4
2895,ways,4
2896,Beware,4
2897,fraudsters,4
2898,contained,4
2899,accent,4
2900,g,4
2901,greatful,4
2902,convince,4
2903,heavily,4
2904,recruiters,4
2905,moving,4
2906,LEGALLY,4
2907,realize,4
2908,lay,4
2909,induction,4
2910,third,4
2911,Muy,4
2912,typos,4
2913,MODE,3
2914,finance,3
2915,defined,3
2916,tensorflow,3
2917,mathematical,3
2918,breaking,3
2919,POSSIBLE,3
2920,struggle,3
2921,refer,3
2922,Finance,3
2923,Rivera,3
2924,RNN,3
2925,au,3
2926,agent,3
2927,Me,3
2928,insights,3
2929,WAS,3
2930,heavy,3
2931,obligated,3
2932,finishing,3
2933,USELESS,3
2934,computers,3
2935,contest,3
2936,Teachers,3
2937,measure,3
2938,Buyer,3
2939,dull,3
2940,market,3
2941,futile,3
2942,planning,3
2943,fundamental,3
2944,paste,3
2945,octave,3
2946,choices,3
2947,ACCOUNT,3
2948,assume,3
2949,IN,3
2950,SAFE,3
2951,introduced,3
2952,aware,3
2953,criticism,3
2954,threat,3
2955,matlab,3
2956,des,3
2957,explicitly,3
2958,elements,3
2959,Against,3
2960,acquired,3
2961,Though,3
2962,scenarios,3
2963,bypass,3
2964,suposed,3
2965,2FA,3
2966,struggled,3
2967,Price,3
2968,Does,3
2969,dificil,3
2970,loyalty,3
2971,exams,3
2972,redo,3
2973,sometime,3
2974,simplified,3
2975,unusable,3
2976,daft,3
2977,coverage,3
2978,bueno,3
2979,extent,3
2980,artist,3
2981,refusal,3
2982,entender,3
2983,coupons,3
2984,Transfer,3
2985,perform,3
2986,lines,3
2987,tired,3
2988,appSo,3
2989,hat,3
2990,interessante,3
2991,proclivities,3
2992,happening,3
2993,books,3
2994,Best,3
2995,morality,3
2996,leader,3
2997,GBP,3
2998,probability,3
2999,predatory,3
3000,RESET,3
3001,algunas,3
3002,creativity,3
3003,PASSWORD,3
3004,genuinely,3
3005,Yeah,3
3006,shi,3
3007,successUdemy,3
3008,alguns,3
3009,bias,3
3010,inclusion,3
3011,grasping,3
3012,ty,3
3013,optional,3
3014,indeed,3
3015,perhaps,3
3016,appor,3
3017,mainly,3
3018,deal,3
3019,MOOCs,3
3020,kajabi,3
3021,E,3
3022,os,3
3023,недели,3
3024,navigate,3
3025,Her,3
3026,ins,3
3027,Becca,3
3028,propagation,3
3029,keras,3
3030,concerted,3
3031,resilience911,3
3032,PDF,3
3033,Completed,3
3034,fellow,3
3035,methodology,3
3036,changes,3
3037,básico,3
3038,cuestionario,3
3039,Jupyter,3
3040,Perks,3
3041,dos,3
3042,Gary,3
3043,exhausted,3
3044,Few,3
3045,record,3
3046,meant,3
3047,Ten,3
3048,directly,3
3049,Service,3
3050,barrier,3
3051,wo,3
3052,demonstrationHow,3
3053,clip,3
3054,vedios,3
3055,pieced,3
3056,Bioinformatics,3
3057,whoe,3
3058,Scrum,3
3059,scamming,3
3060,miss,3
3061,calculating,3
3062,básicos,3
3063,refresher,3
3064,qualiy,3
3065,flexibilaty,3
3066,superb,3
3067,picture,3
3068,font,3
3069,Swirl,3
3070,agents,3
3071,skipped,3
3072,administration,3
3073,Sorry,3
3074,compensation,3
3075,varios,3
3076,herramientas,3
3077,Notebook,3
3078,checks,3
3079,chunks,3
3080,digestible,3
3081,logic,3
3082,cada,3
3083,voicing,3
3084,addressed,3
3085,unresolved,3
3086,monitored,3
3087,foram,3
3088,mais,3
3089,La,3
3090,prepare,3
3091,public,3
3092,balance,3
3093,aplicación,3
3094,repetition,3
3095,necessarily,3
3096,campus,3
3097,brilliant,3
3098,clunky,3
3099,wise,3
3100,achieving,3
3101,prevented,3
3102,temas,3
3103,steps,3
3104,derivations,3
3105,effectively,3
3106,sentences,3
3107,Labs,3
3108,dudas,3
3109,indefinite,3
3110,flash,3
3111,están,3
3112,decir,3
3113,route,3
3114,favourite,3
3115,laborious,3
3116,house,3
3117,whichever,3
3118,Apple,3
3119,validate,3
3120,vocabulary,3
3121,vedio,3
3122,stages,3
3123,Le,3
3124,debugging,3
3125,financial,3
3126,plus,3
3127,shown,3
3128,NLP,3
3129,tema,3
3130,ambiguous,3
3131,develop,3
3132,pet,3
3133,duration,3
3134,programmer,3
3135,suppose,3
3136,specialisation,3
3137,social,3
3138,numpy,3
3139,scratch,3
3140,algorithm,3
3141,Se,3
3142,evaluating,3
3143,limited,3
3144,thoroughly,3
3145,времени,3
3146,dated,3
3147,buen,3
3148,fashion,3
3149,confusion,3
3150,inefficient,3
3151,organised,3
3152,teaches,3
3153,discussing,3
3154,harder,3
3155,было,3
3156,considered,3
3157,от,3
3158,изучения,3
3159,falls,3
3160,ejemplo,3
3161,length,3
3162,ai,3
3163,les,3
3164,presenting,3
3165,buena,3
3166,Quizes,3
3167,era,3
3168,si,3
3169,Por,3
3170,solutions,3
3171,comprehensive,3
3172,known,3
3173,Что,3
3174,engines,3
3175,formatting,3
3176,tener,3
3177,range,3
3178,TEST,3
3179,black,3
3180,expects,3
3181,этом,3
3182,вы,3
3183,risk,3
3184,чтобы,3
3185,они,3
3186,нравится,3
3187,advanced,3
3188,english,3
3189,slide,3
3190,base,2
3191,vez,2
3192,motivational,2
3193,Far,2
3194,2016I,2
3195,music,2
3196,cinematography,2
3197,luxury,2
3198,film,2
3199,qualifications,2
3200,audible,2
3201,attack,2
3202,Perhaps,2
3203,comfort,2
3204,ayuda,2
3205,supportive,2
3206,sería,2
3207,readily,2
3208,usable,2
3209,refused,2
3210,phishing,2
3211,completo,2
3212,primer,2
3213,afterwards,2
3214,verbal,2
3215,Pomodoro,2
3216,types,2
3217,bothered,2
3218,encouraged,2
3219,decisions,2
3220,Algunos,2
3221,2022Hello,2
3222,grips,2
3223,akin,2
3224,Technique,2
3225,pretend,2
3226,biases,2
3227,trends,2
3228,markets,2
3229,abuse,2
3230,descriptive,2
3231,duped,2
3232,writers,2
3233,informations,2
3234,verdad,2
3235,couses,2
3236,referred,2
3237,issued,2
3238,recommedation,2
3239,opinión,2
3240,participación,2
3241,instructores,2
3242,rubric,2
3243,Reading,2
3244,significa,2
3245,obliga,2
3246,aprendidos,2
3247,December,2
3248,reviewers,2
3249,robust,2
3250,redux,2
3251,В,2
3252,updating,2
3253,amazon,2
3254,diseño,2
3255,Personally,2
3256,conceptos,2
3257,otro,2
3258,lado,2
3259,Practices,2
3260,banks,2
3261,millions,2
3262,Might,2
3263,impressive,2
3264,Verbose,2
3265,lightweight,2
3266,warrant,2
3267,hasten,2
3268,office,2
3269,shortcuts,2
3270,nevertheless,2
3271,Much,2
3272,introducción,2
3273,4th,2
3274,того,2
3275,activity,2
3276,Notebooks,2
3277,mis,2
3278,phrased,2
3279,sufficiently,2
3280,regarding,2
3281,apenas,2
3282,ofrece,2
3283,nearly,2
3284,resultado,2
3285,llegar,2
3286,foros,2
3287,mucho,2
3288,материал,2
3289,манера,2
3290,incongruities,2
3291,credibility,2
3292,Курс,2
3293,sustainable,2
3294,clubbed,2
3295,critically,2
3296,sort,2
3297,dificieis,2
3298,GCE,2
3299,straightforward,2
3300,spreadsheets,2
3301,arrived,2
3302,Gracias,2
3303,tenido,2
3304,aspectos,2
3305,conocer,2
3306,arts,2
3307,programar,2
3308,JSON,2
3309,propaganda,2
3310,feminist,2
3311,values,2
3312,obvious,2
3313,structures,2
3314,PhD,2
3315,bash,2
3316,administrators,2
3317,Chuck,2
3318,proofs,2
3319,материала,2
3320,largo,2
3321,errores,2
3322,sporadic,2
3323,prove,2
3324,sum,2
3325,Ng,2
3326,Andrew,2
3327,hence,2
3328,задач,2
3329,continuing,2
3330,generic,2
3331,puedas,2
3332,front,2
3333,strategies,2
3334,passionate,2
3335,plugging,2
3336,align,2
3337,People,2
3338,somebody,2
3339,книги,2
3340,Nice,2
3341,practically,2
3342,Saludos,2
3343,innovation,2
3344,hardly,2
3345,более,2
3346,grades,2
3347,Problems,2
3348,goal,2
3349,iceberg,2
3350,segments,2
3351,idiomas,2
3352,Examples,2
3353,muchos,2
3354,expectation,2
3355,bigger,2
3356,suited,2
3357,tends,2
3358,appear,2
3359,puzzles,2
3360,tricky,2
3361,graphics,2
3362,Name,2
3363,habits,2
3364,animations,2
3365,illustrations,2
3366,static,2
3367,Lastly,2
3368,states,2
3369,moments,2
3370,которые,2
3371,recovery,2
3372,disliked,2
3373,relatively,2
3374,occasionally,2
3375,overviews,2
3376,interviews,2
3377,practitioners,2
3378,relate,2
3379,sloppy,2
3380,accessibility,2
3381,gaps,2
3382,целом,2
3383,а,2
3384,больше,2
3385,skip,2
3386,нужно,2
3387,creation,2
3388,indigenous,2
3389,core,2
3390,articles,2
3391,две,2
3392,variable,2
3393,bibliography,2
3394,unexplained,2
3395,spoon,2
3396,emphasis,2
3397,Project,2
3398,ошибок,2
3399,Resources,2
3400,Я,2
3401,UK,2
3402,habilidades,2
3403,skipping,2
3404,значительно,2
3405,объем,2
3406,cognitive,2
3407,adecuadas,2
3408,сейчас,2
3409,vastly,2
3410,explicaciones,2
3411,Las,2
3412,один,2
3413,teórico,2
3414,них,2
3415,algún,2
3416,Seemed,2
3417,oversimplified,2
3418,chronologically,2
3419,об,2
3420,Assessments,2
3421,figuring,2
3422,Yes,2
3423,bottom,2
3424,w,2
3425,crisis,2
3426,beg,2
3427,sets,2
3428,interpret,2
3429,без,2
3430,Falta,2
3431,rounding,2
3432,constructed,2
3433,dense,2
3434,encounter,2
3435,volume,2
3436,objective,2
3437,сдал,2
3438,sanity,2
3439,academic,2
3440,aligned,2
3441,телеграм,2
3442,cut,2
3443,passing,2
3444,же,2
3445,comprehend,2
3446,с,2
3447,improvement,2
3448,кажется,2
3449,мне,2
3450,actualización,2
3451,textos,2
3452,опыт,2
3453,everybody,2
3454,present,2
3455,community,2
3456,именно,2
3457,et,2
3458,todo,2
3459,contenido,2
3460,serait,2
3461,mismo,2
3462,materia,2
3463,siempre,2
3464,за,2
3465,Очень,2
3466,considero,2
3467,sea,2
3468,car,2
3469,множество,2
3470,formal,2
3471,existen,2
3472,transcripts,2
3473,Internet,2
3474,думаю,2
3475,bastante,2
3476,прохождения,2
3477,года,2
3478,Last,2
3479,práctico,2
3480,blank,2
3481,subtítulos,2
3482,expressions,2
3483,cause,2
3484,introduces,2
3485,algunos,2
3486,subtitulos,2
3487,productive,2
3488,creative,2
3489,ends,2
3490,hate,2
3491,room,2
3492,Expected,2
3493,expand,2
3494,interface,2
3495,concise,2
3496,implemented,2
3497,supplemental,2
3498,quiklabs,2
3499,matching,2
3500,understood,2
3501,información,2
3502,pruebas,2
3503,nuts,2
3504,sont,2
3505,niveau,2
3506,quirks,2
3507,estuvo,2
3508,такие,2
3509,Outdated,2
3510,сюда,2
3511,красный,2
3512,memorizing,2
3513,подачи,2
3514,Similarly,2
3515,Useful,2
3516,теории,2
3517,Practical,2
3518,Theoretical,2
3519,interactions,2
3520,PMBOK,2
3521,database,2
3522,efforts,2
3523,modulo,2
3524,disgusted,2
3525,convenience,2
3526,stem,2
3527,cells,2
3528,Android,2
3529,derive,2
3530,deeply,2
3531,S,2
3532,animation,2
3533,answering,2
3534,equations,2
3535,mentioning,2
3536,sem,2
3537,stretched,2
3538,differences,2
3539,merely,2
3540,interested,2
3541,speaker,2
3542,images,2
3543,Tensorflow,2
3544,Sadly,2
3545,Deep,2
3546,punctuation,2
3547,subsequent,2
3548,está,2
3549,listen,2
3550,blind,2
3551,attempting,2
3552,mini,2
3553,também,2
3554,foi,2
3555,cómo,2
3556,leans,2
3557,seu,2
3558,ejemplos,2
3559,Indigenous,2
3560,targeted,2
3561,torna,2
3562,spoke,2
3563,body,2
3564,entertaining,2
3565,Love,2
3566,upgraded,2
3567,requisite,2
3568,drugs,2
3569,concentrated,2
3570,sentence,2
3571,Os,2
3572,fantastic,2
3573,challenged,2
3574,prepared,2
3575,visual,2
3576,трудно,2
3577,flaw,2
3578,SSH,2
3579,exposed,2
3580,pouco,2
3581,firefighters,2
3582,pleasant,2
3583,cool,2
3584,Apart,2
3585,achieve,2
3586,equipped,2
3587,fails,2
3588,trade,2
3589,failing,2
3590,Makes,2
3591,principalmente,2
3592,bom,2
3593,space,2
3594,semanas,2
3595,ungraded,2
3596,exercícios,2
3597,handouts,2
3598,principiantes,2
3599,alot,2
3600,sin,2
3601,YOLO,2
3602,contabilidad,2
3603,researching,2
3604,Shiller,2
3605,empresas,2
3606,confidently,2
3607,tested,2
3608,advance,2
3609,Little,2
3610,Yale,2
3611,investigating,2
3612,embargo,2
3613,ser,2
3614,funciones,2
3615,push,2
3616,instance,2
3617,evaluación,2
3618,creators,2
3619,domination,2
3620,sigma,2
3621,experts,2
3622,analyse,2
3623,hopefully,2
3624,esta,2
3625,Algorithms,2
3626,explored,2
3627,participation,2
3628,aprender,2
3629,speaking,2
3630,esperaba,2
3631,places,2
3632,documentation,2
3633,Numpy,2
3634,firm,2
3635,walked,2
3636,все,2
3637,interpretation,2
3638,entirely,2
3639,hacer,2
3640,Peng,2
3641,testing,2
3642,alpha,2
3643,critical,2
3644,minded,2
3645,updates,2
3646,Mostly,2
3647,6th,2
3648,revision,2
3649,ability,2
3650,sir,2
3651,visuals,2
3652,Scala,2
3653,Less,2
3654,invest,2
3655,node,2
3656,thorough,2
3657,Use,2
3658,Differences,2
3659,rush,2
3660,automation,2
3661,simplify,2
3662,features,2
3663,cosas,2
3664,Specialization,2
3665,template,2
3666,rapid,2
3667,statistical,2
3668,cats,2
3669,portions,2
3670,managing,2
3671,focuses,2
3672,agree,2
3673,arguments,2
3674,precise,2
3675,worded,2
3676,among,2
3677,Assn,2
3678,parecer,2
3679,described,2
3680,became,2
3681,purpose,2
3682,sharing,2
3683,COURSE,2
3684,tienen,2
3685,Given,2
3686,knowing,2
3687,rational,2
3688,member,2
3689,regards,2
3690,Structuring,2
3691,parece,2
3692,fixar,1
3693,casi,1
3694,anytime,1
3695,ter,1
3696,scrowing,1
3697,mouse,1
3698,technique,1
3699,rid,1
3700,sobre,1
3701,Lack,1
3702,conceitos,1
3703,sido,1
3704,separate,1
3705,introductional,1
3706,poderiam,1
3707,sofisticados,1
3708,sobrou,1
3709,Sir,1
3710,conteúdo,1
3711,finais,1
3712,aboratórios,1
3713,explicações,1
3714,apresentado,1
3715,lecciones,1
3716,junto,1
3717,BigQuery,1
3718,suficientes,1
3719,api,1
3720,pdfs,1
3721,adquirir,1
3722,ara,1
3723,baixar,1
3724,necesario,1
3725,tinha,1
3726,respectivo,1
3727,relleno,1
3728,Siento,1
3729,comprimidos,1
3730,Senti,1
3731,fewer,1
3732,abstracted,1
3733,repasando,1
3734,acredito,1
3735,hood,1
3736,tempo,1
3737,recording,1
3738,extensive,1
3739,derivatives,1
3740,allotted,1
3741,detalhes,1
3742,negatives,1
3743,drag,1
3744,amplios,1
3745,fáceis,1
3746,algebra,1
3747,translate,1
3748,BigTable,1
3749,linear,1
3750,Supertracker,1
3751,uno,1
3752,underestimated,1
3753,anywhere,1
3754,Depende,1
3755,painfully,1
3756,payoff,1
3757,grado,1
3758,obsolete,1
3759,supporting,1
3760,prácticos,1
3761,cpu,1
3762,yeah,1
3763,themes,1
3764,exponen,1
3765,entries,1
3766,Answers,1
3767,group,1
3768,fed,1
3769,masomenos,1
3770,Asssignments,1
3771,temática,1
3772,moderna,1
3773,USDA,1
3774,blood,1
3775,impractical,1
3776,chronic,1
3777,acquiring,1
3778,split,1
3779,versus,1
3780,agile,1
3781,overlooked,1
3782,ambiguos,1
3783,mismatch,1
3784,consists,1
3785,encyclopedia,1
3786,discouraging,1
3787,philosophy,1
3788,edited,1
3789,pedagogic,1
3790,leaps,1
3791,dichos,1
3792,profundizar,1
3793,finals,1
3794,Building,1
3795,cable,1
3796,alumno,1
3797,dark,1
3798,spoiler,1
3799,ofrecidas,1
3800,sumamente,1
3801,útiles,1
3802,enouth,1
3803,requieren,1
3804,suscripción,1
3805,leerlos,1
3806,weak,1
3807,Generally,1
3808,3D,1
3809,degraged,1
3810,detection,1
3811,collision,1
3812,mathematial,1
3813,timid,1
3814,coordinates,1
3815,thrown,1
3816,vital,1
3817,considerable,1
3818,LAB,1
3819,derivation,1
3820,backward,1
3821,entity,1
3822,harm,1
3823,completeness,1
3824,rigorousness,1
3825,caídos,1
3826,artículos,1
3827,Conceptual,1
3828,inglés,1
3829,coloco,1
3830,estrellas,1
3831,factores,1
3832,orador,1
3833,Regular,1
3834,explica,1
3835,voluntad,1
3836,comete,1
3837,thin,1
3838,hablando,1
3839,varias,1
3840,graduation,1
3841,oportunidades,1
3842,busca,1
3843,hablar,1
3844,Completing,1
3845,Java,1
3846,fluidamente,1
3847,comprende,1
3848,pretende,1
3849,packages,1
3850,Además,1
3851,requiring,1
3852,increases,1
3853,MapReduce,1
3854,толстые,1
3855,Dog,1
3856,ground,1
3857,fresh,1
3858,dogs,1
3859,belief,1
3860,aside,1
3861,launch,1
3862,imagine,1
3863,dosen,1
3864,demotivates,1
3865,false,1
3866,Part,1
3867,знают,1
3868,Телеграмм,1
3869,нехорошо,1
3870,bundle,1
3871,adapt,1
3872,Excellent,1
3873,revised,1
3874,speciality,1
3875,anticipate,1
3876,boredom,1
3877,apart,1
3878,jobs,1
3879,experimenting,1
3880,modal,1
3881,Canadian,1
3882,conversation,1
3883,informal,1
3884,unengaging,1
3885,meaning,1
3886,article,1
3887,presenters,1
3888,тоже,1
3889,тихо,1
3890,назад,1
3891,несколькими,1
3892,используемых,1
3893,широко,1
3894,математики,1
3895,высшей,1
3896,областями,1
3897,предметными,1
3898,знакомство,1
3899,дополнительного,1
3900,общее,1
3901,просто,1
3902,А,1
3903,пользы,1
3904,раз,1
3905,их,1
3906,значительного,1
3907,будут,1
3908,авторов,1
3909,фильм,1
3910,участие,1
3911,активное,1
3912,форуме,1
3913,На,1
3914,P,1
3915,Мимино,1
3916,последующего,1
3917,провалы,1
3918,изучение,1
3919,сказаться,1
3920,негативно,1
3921,может,1
3922,потом,1
3923,знаниях,1
3924,p,1
3925,Found,1
3926,laboratory,1
3927,desisti,1
3928,approximately,1
3929,IC,1
3930,outset,1
3931,Shame,1
3932,exploiting,1
3933,terminar,1
3934,purchases,1
3935,annotations,1
3936,quase,1
3937,eu,1
3938,ensinado,1
3939,Deadline,1
3940,Passed,1
3941,aprendendo,1
3942,parameter,1
3943,finances,1
3944,pessoa,1
3945,2017Subsequent,1
3946,incentive,1
3947,usefully,1
3948,coherent,1
3949,logically,1
3950,underlying,1
3951,guiding,1
3952,weekends,1
3953,financially,1
3954,faith,1
3955,restored,1
3956,overflow,1
3957,demands,1
3958,Grateful,1
3959,2017Very,1
3960,esteja,1
3961,qualquer,1
3962,collaborators,1
3963,acess,1
3964,programme,1
3965,enjoying,1
3966,Illustrator,1
3967,Graphic,1
3968,hacen,1
3969,explainations,1
3970,educative,1
3971,networking,1
3972,rationale,1
3973,envolving,1
3974,corrections,1
3975,requests,1
3976,limbo,1
3977,dedication,1
3978,explains,1
3979,dissapointed,1
3980,padrão,1
3981,dados,1
3982,fora,1
3983,complexo,1
3984,tão,1
3985,exercício,1
3986,aulas,1
3987,nas,1
3988,exemplos,1
3989,assigments,1
3990,complexos,1
3991,difíceis,1
3992,são,1
3993,pedidos,1
3994,Introdução,1
3995,É,1
3996,увеличили,1
3997,изложили,1
3998,understandable,1
3999,был,1
4000,admit,1
4001,Explainations,1
4002,labeled,1
4003,independent,1
4004,summative,1
4005,consolidate,1
4006,map,1
4007,choropleth,1
4008,humongous,1
4009,coupled,1
4010,artistic,1
4011,asks,1
4012,V3,1
4013,disagreed,1
4014,API,1
4015,saddened,1
4016,partialy,1
4017,perceive,1
4018,dying,1
4019,dramatically,1
4020,demotivated,1
4021,Prefer,1
4022,delays,1
4023,Qwiklabs,1
4024,Issues,1
4025,suffering,1
4026,ethics,1
4027,creatures,1
4028,daily,1
4029,blop,1
4030,embryo,1
4031,status,1
4032,moral,1
4033,obscure,1
4034,purposly,1
4035,Helpful,1
4036,explicativos,1
4037,idóneo,1
4038,libro,1
4039,capítulos,1
4040,leer,1
4041,basa,1
4042,estructura,1
4043,Debiesen,1
4044,introductorios,1
4045,formally,1
4046,Discussion,1
4047,有重复,1
4048,有些剪切不好,1
4049,部分内容讲的不是很清楚,1
4050,perception,1
4051,netamente,1
4052,Right,1
4053,advertisement,1
4054,praised,1
4055,focussed,1
4056,reflect,1
4057,simplifying,1
4058,simpler,1
4059,comparable,1
4060,notions,1
4061,goofiness,1
4062,lucky,1
4063,overacting,1
4064,solves,1
4065,handwriting,1
4066,respect,1
4067,calculation,1
4068,Thus,1
4069,scale,1
4070,gently,1
4071,dividing,1
4072,Ссылка,1
4073,многотомные,1
4074,представляют,1
4075,себя,1
4076,из,1
4077,материалы,1
4078,дополнительные,1
4079,эффективен,1
4080,представьте,1
4081,мало,1
4082,решения,1
4083,применения,1
4084,практического,1
4085,дополнительных,1
4086,Без,1
4087,То,1
4088,тома,1
4089,предметных,1
4090,прикладываемых,1
4091,кратко,1
4092,если,1
4093,Вот,1
4094,практически,1
4095,лекциям,1
4096,конспектов,1
4097,увеличить,1
4098,Войны,1
4099,авторам,1
4100,рекомендовал,1
4101,А4,1
4102,листами,1
4103,заменили,1
4104,Мира,1
4105,областей,1
4106,рассматриваемых,1
4107,manageable,1
4108,enfoque,1
4109,reales,1
4110,casos,1
4111,lean,1
4112,detalles,1
4113,explicarse,1
4114,podrían,1
4115,alternativas,1
4116,haphazard,1
4117,método,1
4118,Podrían,1
4119,drafts,1
4120,rough,1
4121,Weak,1
4122,workload,1
4123,planned,1
4124,whim,1
4125,картины,1
4126,интересного,1
4127,целостной,1
4128,возникнет,1
4129,Вас,1
4130,фрагментарна,1
4131,подача,1
4132,сожалению,1
4133,Много,1
4134,prerecorded,1
4135,substitute,1
4136,lets,1
4137,disciplined,1
4138,swing,1
4139,physically,1
4140,Interesting,1
4141,satistfactory,1
4142,coading,1
4143,internship,1
4144,demasiado,1
4145,claras,1
4146,excelente,1
4147,realizan,1
4148,atraves,1
4149,aprendes,1
4150,ademas,1
4151,estudiar,1
4152,Material,1
4153,quizzing,1
4154,enable,1
4155,referenced,1
4156,equation,1
4157,convert,1
4158,loading,1
4159,loosely,1
4160,rights,1
4161,sencillos,1
4162,garner,1
4163,guarantees,1
4164,indicadores,1
4165,Esta,1
4166,Documentation,1
4167,gre,1
4168,discusses,1
4169,bubble,1
4170,phases,1
4171,correlate,1
4172,Complex,1
4173,rushes,1
4174,Initial,1
4175,lenguaje,1
4176,desarrollar,1
4177,ayudan,1
4178,punto,1
4179,detached,1
4180,nuances,1
4181,antiguas,1
4182,были,1
4183,assign,1
4184,signatures,1
4185,paragraph,1
4186,feeding,1
4187,quire,1
4188,valuation,1
4189,assumptions,1
4190,VC,1
4191,PE,1
4192,BEPS,1
4193,subsitituted,1
4194,taxation,1
4195,international,1
4196,foundations,1
4197,lookout,1
4198,последние,1
4199,максимально,1
4200,tied,1
4201,сжатыми,1
4202,leaving,1
4203,Aprt,1
4204,recordings,1
4205,realizar,1
4206,volver,1
4207,Quisiera,1
4208,allowing,1
4209,bug,1
4210,неплохой,1
4211,три,1
4212,каждую,1
4213,хотя,1
4214,уделить,1
4215,им,1
4216,считаю,1
4217,fuentes,1
4218,debe,1
4219,conventions,1
4220,classifier,1
4221,programmatic,1
4222,mechanically,1
4223,Hours,1
4224,Distracted,1
4225,actualizaran,1
4226,increíble,1
4227,Sería,1
4228,delay,1
4229,skips,1
4230,Didn,1
4231,term,1
4232,mid,1
4233,forgot,1
4234,Despite,1
4235,LSH,1
4236,hyperparameters,1
4237,begining,1
4238,incluir,1
4239,branding,1
4240,devoirs,1
4241,revanche,1
4242,réalisés,1
4243,sur,1
4244,entrainement,1
4245,l,1
4246,ainsi,1
4247,même,1
4248,lui,1
4249,cours,1
4250,underestimates,1
4251,grossly,1
4252,Practise,1
4253,comers,1
4254,premium,1
4255,formalism,1
4256,Deben,1
4257,actualizar,1
4258,Bien,1
4259,incomprehensible,1
4260,cake,1
4261,peace,1
4262,increased,1
4263,DeepLearning,1
4264,Seems,1
4265,impressions,1
4266,deepen,1
4267,qualitative,1
4268,Materials,1
4269,Quiet,1
4270,Explaination,1
4271,grads,1
4272,naive,1
4273,dependant,1
4274,journey,1
4275,explique,1
4276,Else,1
4277,pour,1
4278,Removing,1
4279,complication,1
4280,onion,1
4281,pealing,1
4282,Brand,1
4283,photography,1
4284,scarcely,1
4285,wagon,1
4286,managers,1
4287,FRANCE,1
4288,tractions,1
4289,quelque,1
4290,Manque,1
4291,bravo,1
4292,instructeur,1
4293,historical,1
4294,gripe,1
4295,Stata,1
4296,specialize,1
4297,break,1
4298,sounds,1
4299,Markets,1
4300,Capital,1
4301,Salon,1
4302,wonderful,1
4303,acquire,1
4304,involving,1
4305,powerpoint,1
4306,downloadable,1
4307,behavioral,1
4308,predominantly,1
4309,Considering,1
4310,unfair,1
4311,moreover,1
4312,toolbox,1
4313,intensive,1
4314,inserted,1
4315,uninteresting,1
4316,honor,1
4317,copied,1
4318,rare,1
4319,rage,1
4320,rhythm,1
4321,tho,1
4322,goo,1
4323,expertise,1
4324,BQ,1
4325,spectroscopy,1
4326,College,1
4327,Success,1
4328,Tools,1
4329,Techniques,1
4330,Creative,1
4331,poses,1
4332,carry,1
4333,prowess,1
4334,bugも多いのでこなすのは苦労した,1
4335,ほぼ英語,1
4336,macro,1
4337,Hands,1
4338,packets,1
4339,breakdown,1
4340,masking,1
4341,subnet,1
4342,Thing,1
4343,CHF,1
4344,ENJOYED,1
4345,HAVE,1
4346,EXCELLENT,1
4347,principles,1
4348,install,1
4349,Tests,1
4350,プログラムの課題の問題を解決するのが非常に大変だった,1
4351,ビデオは相変わらず素晴らしい,1
4352,hidden,1
4353,Hand,1
4354,essence,1
4355,listener,1
4356,interestingly,1
4357,speaks,1
4358,subtitles,1
4359,submitted,1
4360,factual,1
4361,eye,1
4362,catches,1
4363,drawbacks,1
4364,fascinating,1
4365,Budd,1
4366,concern,1
4367,uncomfortable,1
4368,heart,1
4369,unintentionally,1
4370,Review,1
4371,desafortunadamente,1
4372,enseñan,1
4373,whereas,1
4374,acronym,1
4375,utilizing,1
4376,accomplished,1
4377,allowed,1
4378,datasheet,1
4379,varying,1
4380,assesement,1
4381,zone,1
4382,contracted,1
4383,covid,1
4384,Certificates,1
4385,serving,1
4386,honestly,1
4387,Thoroughly,1
4388,dig,1
4389,basicas,1
4390,llega,1
4391,dashboards,1
4392,aforementioned,1
4393,tradeoff,1
4394,variance,1
4395,simulator,1
4396,flight,1
4397,Multitask,1
4398,neural,1
4399,considerations,1
4400,Poor,1
4401,finanzas,1
4402,esto,1
4403,relacionada,1
4404,directamente,1
4405,Ademas,1
4406,spreadshit,1
4407,dissapointing,1
4408,confort,1
4409,funny,1
4410,animals,1
4411,Errors,1
4412,Style,1
4413,Neural,1
4414,CNNs,1
4415,nd,1
4416,shall,1
4417,rivision,1
4418,Task,1
4419,Multi,1
4420,thematic,1
4421,tedioso,1
4422,suele,1
4423,además,1
4424,imparten,1
4425,maestros,1
4426,html,1
4427,benefited,1
4428,exploration,1
4429,Fraudulent,1
4430,Σ,1
4431,capital,1
4432,irresponsible,1
4433,shorter,1
4434,foundational,1
4435,Waston,1
4436,mins,1
4437,conceived,1
4438,AGAIN,1
4439,lite,1
4440,contains,1
4441,dive,1
4442,demonstrates,1
4443,picked,1
4444,rendre,1
4445,dessus,1
4446,ce,1
4447,squash,1
4448,demotivating,1
4449,analytical,1
4450,Final,1
4451,Practice,1
4452,Engineering,1
4453,Instruction,1
4454,practica,1
4455,muestra,1
4456,Inclusive,1
4457,Leadership,1
4458,Communication,1
4459,CatalystX,1
4460,totalmente,1
4461,vida,1
4462,capacidades,1
4463,regression,1
4464,Boring,1
4465,painstakingly,1
4466,complemented,1
4467,Code,1
4468,overwhelmed,1
4469,taste,1
4470,messy,1
4471,ratio,1
4472,calculate,1
4473,Bugs,1
4474,medicine,1
4475,advantage,1
4476,excersices,1
4477,theoric,1
4478,successful,1
4479,expectations,1
4480,meet,1
4481,nuggets,1
4482,situations,1
4483,tus,1
4484,wished,1
4485,Lo,1
4486,bubbles,1
4487,lies,1
4488,cybersecurity,1
4489,talks,1
4490,TED,1
4491,Tableau,1
4492,Alejandro,1
4493,practicas,1
4494,aplicaciones,1
4495,tuviera,1
4496,gustado,1
4497,hubiera,1
4498,proceed,1
4499,output,1
4500,Zanzibar,1
4501,Low,1
4502,califico,1
4503,laugh,1
4504,haces,1
4505,stress,1
4506,disapproval,1
4507,women,1
4508,positions,1
4509,shameful,1
4510,identity,1
4511,bin,1
4512,probar,1
4513,hace,1
4514,cual,1
4515,múltiple,1
4516,opción,1
4517,evalúan,1
4518,realidad,1
4519,aplicables,1
4520,caches,1
4521,passes,1
4522,divided,1
4523,divisiones,1
4524,mandaras,1
4525,sumar,1
4526,niño,1
4527,enseñaras,1
4528,ese,1
4529,recibieron,1
4530,tampoco,1
4531,personas,1
4532,evaluado,1
4533,eres,1
4534,dieron,1
4535,esos,1
4536,compañeros,1
4537,otros,1
4538,evaluar,1
4539,tarea,1
4540,progamming,1
4541,eg,1
4542,art,1
4543,functional,1
4544,git,1
4545,crash,1
4546,transition,1
4547,trucks,1
4548,101,1
4549,productivity,1
4550,aid,1
4551,psuedo,1
4552,specifically,1
4553,resourceful,1
4554,DL,1
4555,backround,1
4556,existing,1
4557,hoped,1
4558,tienes,1
4559,ocasión,1
4560,peor,1
4561,primeras,1
4562,triangular,1
4563,contradicts,1
4564,Take,1
4565,joined,1
4566,individuals,1
4567,feelings,1
4568,subjective,1
4569,scientific,1
4570,meditation,1
4571,kindness,1
4572,loving,1
4573,negativity,1
4574,possibilities,1
4575,exerciseThe,1
4576,offerings,1
4577,completion,1
4578,modified,1
4579,Rather,1
4580,cosa,1
4581,pasa,1
4582,absoluto,1
4583,homeworks,1
4584,mencionan,1
4585,pregunten,1
4586,momento,1
4587,enseñen,1
4588,strengthen,1
4589,Nada,1
4590,maneja,1
4591,darte,1
4592,sirve,1
4593,conceptual,1
4594,broadening,1
4595,besides,1
4596,curse,1
4597,qui,1
4598,Конечно,1
4599,некоторые,1
4600,сдать,1
4601,день,1
4602,часа,1
4603,требовали,1
4604,сложные,1
4605,настолько,1
4606,задания,1
4607,Многие,1
4608,повторюсь,1
4609,пояса,1
4610,желтого,1
4611,начале,1
4612,бросил,1
4613,чат,1
4614,помощи,1
4615,когда,1
4616,уровнем,1
4617,возвращаешься,1
4618,возможно,1
4619,Хотя,1
4620,обучению,1
4621,мотивацию,1
4622,потеряв,1
4623,Ваш,1
4624,бросают,1
4625,меня,1
4626,свободного,1
4627,столько,1
4628,стольких,1
4629,легкими,1
4630,кажутся,1
4631,после,1
4632,ним,1
4633,Если,1
4634,таким,1
4635,lifecycle,1
4636,lifestyle,1
4637,Hope,1
4638,charts,1
4639,forgetable,1
4640,audios,1
4641,avances,1
4642,perdían,1
4643,xq,1
4644,repetir,1
4645,tuve,1
4646,plataforma,1
4647,Pésima,1
4648,matrial,1
4649,présenté,1
4650,est,1
4651,nous,1
4652,absorb,1
4653,Introduced,1
4654,человеку,1
4655,Привет,1
4656,другому,1
4657,порекомендовал,1
4658,течение,1
4659,PHP,1
4660,программирование,1
4661,начал,1
4662,разработки,1
4663,основы,1
4664,Купившись,1
4665,сложный,1
4666,придут,1
4667,пишу,1
4668,закончил,1
4669,сложно,1
4670,интересно,1
4671,рассчитывали,1
4672,этот,1
4673,которых,1
4674,pricples,1
4675,disorganization,1
4676,closely,1
4677,tight,1
4678,Focus,1
4679,pain,1
4680,BÁSICO,1
4681,uploaded,1
4682,teached,1
4683,recover,1
4684,relax,1
4685,Okay,1
4686,purposes,1
4687,Provide,1
4688,doom,1
4689,fearful,1
4690,primary,1
4691,friend,1
4692,хороший,1
4693,OOP,1
4694,environments,1
4695,sysadmins,1
4696,culture,1
4697,procedures,1
4698,steer,1
4699,supplement,1
4700,substitution,1
4701,traducción,1
4702,habían,1
4703,doblaje,1
4704,implemente,1
4705,mejoren,1
4706,sugerencia,1
4707,única,1
4708,studio,1
4709,Waterman,1
4710,Richard,1
4711,relieved,1
4712,immensely,1
4713,мое,1
4714,таково,1
4715,обидеть,1
4716,хочу,1
4717,Не,1
4718,предупреждать,1
4719,выполняет,1
4720,цели,1
4721,свои,1
4722,Тогда,1
4723,Яндексе,1
4724,нужны,1
4725,вам,1
4726,ведь,1
4727,программировании,1
4728,честное,1
4729,личное,1
4730,мнение,1
4731,maximum,1
4732,fighting,1
4733,variances,1
4734,Before,1
4735,questioned,1
4736,EXCEL,1
4737,Hey,1
4738,merits,1
4739,Спасибо,1
4740,excercise,1
4741,pricy,1
4742,strenght,1
4743,созданию,1
4744,работу,1
4745,Вам,1
4746,corona,1
4747,comprobación,1
4748,revisit,1
4749,apresentadas,1
4750,necessitam,1
4751,conhecimento,1
4752,explicados,1
4753,previamente,1
4754,outros,1
4755,vem,1
4756,bibibliotecas,1
4757,nem,1
4758,fim,1
4759,protectionism,1
4760,muita,1
4761,pouca,1
4762,motivação,1
4763,nenhum,1
4764,exercicio,1
4765,ou,1
4766,programa,1
4767,incentivar,1
4768,supports,1
4769,extremamente,1
4770,exercicios,1
4771,entendimento,1
4772,motivation,1
4773,inadequate,1
4774,améliorer,1
4775,évaluation,1
4776,v,1
4777,activités,1
4778,proposés,1
4779,bem,1
4780,coordenado,1
4781,há,1
4782,fundamento,1
4783,repetitivos,1
4784,muitas,1
4785,vezes,1
4786,enunciados,1
4787,confundem,1
4788,sendo,1
4789,variété,1
4790,jogos,1
4791,programas,1
4792,décrocher,1
4793,doingIn,1
4794,vite,1
4795,quizes,1
4796,CAPM,1
4797,peut,1
4798,hit,1
4799,Oh,1
4800,eish,1
4801,deux,1
4802,servicing,1
4803,XML,1
4804,croiser,1
4805,parsing,1
4806,intéressant,1
4807,il,1
4808,factors,1
4809,historic,1
4810,dataWeek,1
4811,beginers,1
4812,nao,1
4813,début,1
4814,sao,1
4815,resolvidos,1
4816,pelos,1
4817,coordenadores,1
4818,Peu,1
4819,renewable,1
4820,initiation,1
4821,wind,1
4822,thesis,1
4823,neither,1
4824,license,1
4825,visit,1
4826,occurred,1
4827,ca,1
4828,va,1
4829,aller,1
4830,frequently,1
4831,desperate,1
4832,attracted,1
4833,intresting,1
4834,datashow,1
4835,apresentação,1
4836,relação,1
4837,última,1
4838,atividade,1
4839,avaliação,1
4840,colegas,1
4841,achei,1
4842,caminho,1
4843,finalização,1
4844,muitos,1
4845,concordaram,1
4846,Mas,1
4847,probabilistic,1
4848,incorporated,1
4849,wastes,1
4850,meta,1
4851,practising,1
4852,sua,1
4853,lerem,1
4854,tought,1
4855,materiel,1
4856,acho,1
4857,maior,1
4858,cuidado,1
4859,qualidade,1
4860,áudio,1
4861,falhava,1
4862,trilha,1
4863,sonora,1
4864,momentos,1
4865,atrapalhava,1
4866,concentração,1
4867,estudo,1
4868,Devlin,1
4869,participantes,1
4870,escritório,1
4871,despreparados,1
4872,provavelmente,1
4873,dataset,1
4874,asignments,1
4875,believes,1
4876,cuanto,1
4877,semántica,1
4878,mejorable,1
4879,profundidad,1
4880,tópicos,1
4881,abordados,1
4882,homogéneo,1
4883,Depplearning,1
4884,React,1
4885,Javascript,1
4886,UM,1
4887,balls,1
4888,erase,1
4889,instant,1
4890,gear,1
4891,crowed,1
4892,Exercise,1
4893,Beginner,1
4894,gramática,1
4895,redacción,1
4896,holds,1
4897,complementario,1
4898,thats,1
4899,Boiler,1
4900,unfocused,1
4901,hastily,1
4902,fundamentally,1
4903,ready,1
4904,sampler,1
4905,release,1
4906,Heavy,1
4907,Informative,1
4908,Existen,1
4909,inconsistencias,1
4910,entre,1
4911,entregada,1
4912,mediante,1
4913,consola,1
4914,descrita,1
4915,Industrialization,1
4916,remedy,1
4917,feminists,1
4918,exist,1
4919,identify,1
4920,plug,1
4921,Mac,1
4922,scope,1
4923,intriguing,1
4924,aimed,1
4925,navigation,1
4926,serve,1
4927,hunt,1
4928,upward,1
4929,toward,1
4930,gibing,1
4931,laughing,1
4932,nodded,1
4933,complained,1
4934,sync,1
4935,Platform,1
4936,exasperating,1
4937,streamline,1
4938,potential,1
4939,Homework,1
4940,Critical,1
4941,unintuitive,1
4942,demonstrating,1
4943,console,1
4944,Anatomy,1
4945,Physioligy,1
4946,Meaning,1
4947,mugging,1
4948,trading,1
4949,oddly,1
4950,white,1
4951,interesados,1
4952,grey,1
4953,hackers,1
4954,arbitrary,1
4955,ex,1
4956,SOC,1
4957,Analyst,1
4958,shouldnt,1
4959,tagged,1
4960,MacBook,1
4961,polish,1
4962,Similar,1
4963,timed,1
4964,dead,1
4965,Modules,1
4966,complexity,1
4967,baked,1
4968,overly,1
4969,hassle,1
4970,TA,1
4971,offline,1
4972,virtual,1
4973,v0,1
4974,Level,1
4975,biologists,1
4976,greater,1
4977,Stack,1
4978,Overflow,1
4979,severe,1
4980,systemic,1
4981,transcribed,1
4982,deeplearning,1
4983,marketed,1
4984,2018,1
4985,Toward,1
4986,noticeable,1
4987,sequence,1
4988,wavy,1
4989,convolution,1
4990,competently,1
4991,recurrent,1
4992,nets,1
4993,translating,1
4994,foggy,1
4995,convey,1
4996,blanks,1
4997,caused,1
4998,Module,1
4999,phantom,1
5000,iterated,1
5001,insufficient,1
5002,mechanism,1
5003,beaucoup,1
5004,therea,1
5005,avec,1
5006,understad,1
5007,knowlefge,1
5008,worhtfull,1
5009,SVM,1
5010,recommedor,1
5011,collaborative,1
5012,filtering,1
5013,très,1
5014,curated,1
5015,accessible,1
5016,global,1
5017,migration,1
5018,implementing,1
5019,mere,1
5020,memory,1
5021,papers,1
5022,théorie,1
5023,assigned,1
5024,entry,1
5025,industrial,1
5026,improving,1
5027,fin,1
5028,outils,1
5029,chaotic,1
5030,attractive,1
5031,mildly,1
5032,proposition,1
5033,hormones,1
5034,chemicals,1
5035,reinforcing,1
5036,counted,1
5037,Clearly,1
5038,Touching,1
5039,départ,1
5040,Liked,1
5041,articulate,1
5042,autonomous,1
5043,routing,1
5044,integrates,1
5045,pena,1
5046,Language,1
5047,útil,1
5048,veo,1
5049,falto,1
5050,credentials,1
5051,Berkeley,1
5052,UC,1
5053,aunque,1
5054,estaba,1
5055,palabras,1
5056,comprendía,1
5057,teniendo,1
5058,terminología,1
5059,aún,1
5060,expert,1
5061,weight,1
5062,enhanced,1
5063,Udacity,1
5064,merecido,1
5065,illustration,1
5066,ha,1
5067,explore,1
5068,CSS,1
5069,stronger,1
5070,proficiency,1
5071,bridge,1
5072,werent,1
5073,growth,1
5074,healing,1
5075,companion,1
5076,seasoned,1
5077,transformative,1
5078,expressive,1
5079,therapist,1
5080,Kubernetes,1
5081,enviroment,1
5082,Terms,1
5083,smoothly,1
5084,Apenas,1
5085,ramble,1
5086,evaluates,1
5087,orient,1
5088,pauses,1
5089,inflection,1
5090,double,1
5091,evaluation,1
5092,realization,1
5093,programing,1
5094,mental,1
5095,flowing,1
5096,dialogues,1
5097,área,1
5098,careers,1
5099,shoes,1
5100,restrictions,1
5101,routine,1
5102,served,1
5103,hindrance,1
5104,gems,1
5105,barrel,1
5106,Deeplearning,1
5107,engineering,1
5108,scientist,1
5109,graphic,1
5110,Decent,1
5111,Emma,1
5112,Raisel,1
5113,emphasized,1
5114,guise,1
5115,DTU,1
5116,scientists,1
5117,Either,1
5118,grateful,1
5119,breakneck,1
5120,rife,1
5121,applaud,1
5122,utilidades,1
5123,cantidad,1
5124,explicar,1
5125,Deberían,1
5126,forces,1
5127,soup,1
5128,craft,1
5129,deteriorating,1
5130,Setup,1
5131,amateur,1
5132,Talk,1
5133,suicide,1
5134,numb,1
5135,dozens,1
5136,lengthy,1
5137,listened,1
5138,Kind,1
5139,hearing,1
5140,prominent,1
5141,engage,1
5142,recursos,1
5143,funcionan,1
5144,posteriori,1
5145,intense,1
5146,surprised,1
5147,quiet,1
5148,essays,1
5149,coarsely,1
5150,jungle,1
5151,afraid,1
5152,adverbs,1
5153,fragments,1
5154,grasp,1
5155,stimulation,1
5156,stories,1
5157,limit,1
5158,forcing,1
5159,drilling,1
5160,delightful,1
5161,GENIUS,1
5162,uncopyable,1
5163,French,1
5164,processor,1
5165,segment,1
5166,highlight,1
5167,saved,1
5168,Were,1
5169,graphlab,1
5170,n,1
5171,unnecessarily,1
5172,théorique,1
5173,有点难,1
5174,有时候没讲到没讲清楚的,1
5175,但是任务要做,1
5176,interviewing,1
5177,wold,1
5178,skill,1
5179,Apt,1
5180,aspect,1
5181,LSTM,1
5182,voit,1
5183,Intéressant,1
5184,OlahThe,1
5185,illuminating,1
5186,DNN,1
5187,asleep,1
5188,replace,1
5189,Projects,1
5190,powerpoints,1
5191,peu,1
5192,Lecture,1
5193,arrays,1
5194,Startups,1
5195,retain,1
5196,elaborated,1
5197,Concepts,1
5198,scratched,1
5199,surface,1
5200,500,1
5201,vrai,1
5202,98,1
5203,cas,1
5204,Gamification,1
5205,étude,1
5206,une,1
5207,technology,1
5208,becoming,1
5209,reinforce,1
5210,Towards,1
5211,fall,1
5212,opciones,1
5213,invoke,1
5214,mythology,1
5215,roles,1
5216,reliably,1
5217,Michel,1
5218,dependencies,1
5219,imports,1
5220,None,1
5221,Moreover,1
5222,pharma,1
5223,treatment,1
5224,apporaches,1
5225,mcqs,1
5226,implementation,1
5227,Psychotherapy,1
5228,demonstrations,1
5229,lying,1
5230,deals,1
5231,stretches,1
5232,gods,1
5233,enlightening,1
5234,subtitulados,1
5235,Lot,1
5236,Есть,1
5237,недочётов,1
5238,субтитрах,1
5239,самих,1
5240,слайдах,1
5241,Кто,1
5242,употребляет,1
5243,Тета,1
5244,кто,1
5245,О,1
5246,большое,1
5247,субтитры,1
5248,ужасны,1
5249,местами,1
5250,перевод,1
5251,совершенно,1
5252,тот,1
5253,sql,1
5254,ERD,1
5255,modeling,1
5256,previewing,1
5257,touch,1
5258,implement,1
5259,conducted,1
5260,dinamic,1
5261,participants,1
5262,Tutorials,1
5263,developed,1
5264,okey,1
5265,doesnt,1
5266,pinch,1
5267,Hello,1
5268,gotten,1
5269,mac,1
5270,Sheets,1
5271,captivating,1
5272,Introductions,1
5273,altered,1
5274,waffle,1
5275,matplotlib,1
5276,dozed,1
5277,dedicating,1
5278,учился,1
5279,учебнику,1
5280,преподносить,1
5281,events,1
5282,Однако,1
5283,разочаровали,1
5284,остальные,1
5285,лекторы,1
5286,Уровень,1
5287,английского,1
5288,преподавания,1
5289,manages,1
5290,elaborate,1
5291,catch,1
5292,scripting,1
5293,plot,1
5294,dataframe,1
5295,assistance,1
5296,connecting,1
5297,Александра,1
5298,proof,1
5299,advances,1
5300,hint,1
5301,satisfactory,1
5302,clarifying,1
5303,buenas,1
5304,exposición,1
5305,ocasiones,1
5306,confusa,1
5307,evidencia,1
5308,fluidez,1
5309,skimming,1
5310,ocean,1
5311,Wanted,1
5312,aqueles,1
5313,procuram,1
5314,informação,1
5315,inicial,1
5316,constitutes,1
5317,pf,1
5318,minor,1
5319,LSE,1
5320,Or,1
5321,dificiles,1
5322,brick,1
5323,reaserch,1
5324,lograr,1
5325,standing,1
5326,Lower,1
5327,diagramadas,1
5328,tal,1
5329,forma,1
5330,pavos,1
5331,minimo,1
5332,esperable,1
5333,aprobar,1
5334,ej,1
5335,run_ttest,1
5336,sparked,1
5337,Шень,1
5338,уважаю,1
5339,classmate,1
5340,Manager,1
5341,phonetic,1
5342,pronunciations,1
5343,symbols,1
5344,represented,1
5345,alphabet,1
5346,Database,1
5347,size,1
5348,embedding,1
5349,cousin,1
5350,Translation,1
5351,importance,1
5352,summarizing,1
5353,infused,1
5354,disrespect,1
5355,Senthil,1
5356,sluggish,1
5357,sleep,1
5358,sheets,1
5359,moderators,1
5360,importantly,1
5361,interesing,1
5362,syntaxes,1
5363,including,1
5364,stick,1
5365,TF,1
5366,entering,1
5367,Instructor,1
5368,thumbs,1
5369,berfore,1
5370,Compared,1
5371,Quizá,1
5372,parst,1
5373,resolución,1
5374,comentarios,1
5375,Truly,1
5376,cuando,1
5377,mastered,1
5378,faltó,1
5379,cell,1
5380,скорее,1
5381,owing,1
5382,Питон,1
5383,попрактиковать,1
5384,перед,1
5385,прохождением,1
5386,отдельно,1
5387,Safari,1
5388,Chrome,1
5389,impossibly,1
5390,pausing,1
5391,Luann,1
5392,designing,1
5393,doubts,1
5394,DB2,1
5395,glaring,1
5396,Unless,1
5397,efficacy,1
5398,existance,1
5399,recognize,1
5400,стоит,1
5401,литературы,1
5402,выдвигает,1
5403,рекомендуемой,1
5404,требования,1
5405,тем,1
5406,знаниям,1
5407,должны,1
5408,иметь,1
5409,дальнейшей,1
5410,специализации,1
5411,Подойдет,1
5412,повторения,1
5413,ранее,1
5414,изученных,1
5415,приобретения,1
5416,новых,1
5417,знаний,1
5418,Обязательно,1
5419,смотрите,1
5420,список,1
5421,queer,1
5422,nations,1
5423,wrt,1
5424,неделю,1
5425,использования,1
5426,практике,1
5427,pulled,1
5428,результате,1
5429,вместо,1
5430,unfortunately,1
5431,тратить,1
5432,часов,1
5433,уходят,1
5434,conversational,1
5435,выходные,1
5436,понять,1
5437,какие,1
5438,величины,1
5439,использовать,1
5440,каким,1
5441,образом,1
5442,Возможно,1
5443,примеров,1
5444,нет,1
5445,случаев,1
5446,большинстве,1
5447,fickle,1
5448,handy,1
5449,leraning,1
5450,aws,1
5451,sciences,1
5452,partitioning,1
5453,astronomy,1
5454,linkedin,1
5455,revisiting,1
5456,physics,1
5457,mesh,1
5458,интересный,1
5459,сам,1
5460,себе,1
5461,момент,1
5462,теоретической,1
5463,информации,1
5464,вопрос,1
5465,моей,1
5466,низкой,1
5467,owners,1
5468,residents,1
5469,sectors,1
5470,Bayesian,1
5471,conducting,1
5472,alongside,1
5473,intended,1
5474,sheet,1
5475,parameters,1
5476,beta,1
5477,stand,1
5478,obviedades,1
5479,tornan,1
5480,realmente,1
5481,fácil,1
5482,ebooks,1
5483,podcasts,1
5484,meander,1
5485,formulae,1
5486,compile,1
5487,базовой,1
5488,directors,1
5489,подготовки,1
5490,направлении,1
5491,молодцы,1
5492,assigment,1
5493,花了2天过了一遍,1
5494,无脑跟着流程走就行了,1
5495,本来期待介绍怎么用cloud,1
5496,ml,1
5497,结果居然是用datalab,1
5498,来讲的,1
5499,assignement,1
5500,Curriculum,1
5501,epidemiological,1
5502,medical,1
5503,pointed,1
5504,entails,1
5505,assignements,1
5506,instances,1
5507,VM,1
5508,Lab,1
5509,comprender,1
5510,mal,1
5511,planteados,1
5512,claro,1
5513,dicen,1
5514,utilices,1
5515,resolver,1
5516,ven,1
5517,ninguna,1
5518,parte,1
5519,supone,1
5520,debiesen,1
5521,aprobados,1
5522,utilizando,1
5523,conocimientos,1
5524,través,1
5525,disponible,1
5526,También,1
5527,ejercicio,1
5528,sirven,1
5529,persona,1
5530,qué,1
5531,clarification,1
5532,omissions,1
5533,ordenar,1
5534,aparecen,1
5535,siendo,1
5536,eso,1
5537,tiende,1
5538,confundir,1
5539,alguien,1
5540,recién,1
5541,aprendiendo,1
5542,sabe,1
5543,DEF,1
5544,RETURN,1
5545,tanto,1
5546,vocab,1
5547,participante,1
5548,poca,1
5549,responde,1
5550,About,1
5551,llamarse,1
5552,gente,1
5553,tiene,1
5554,tan,1
5555,desarrolladas,1
5556,razonamineto,1
5557,logico,1
5558,resultará,1
5559,Literature,1
5560,philosophical,1
5561,Hopefully,1
5562,Automated,1
5563,PMP,1
5564,PM,1
5565,Average,1
5566,spelling,1
5567,notebooks,1
5568,Working,1
5569,dado,1
5570,debiese,1
5571,mayoría,1
5572,Sinceramente,1
5573,respondidas,1
5574,luego,1
5575,sabiendo,1
5576,fecha,1
5577,límite,1
5578,entrega,1
5579,33,1
5580,días,1
5581,Espero,1
5582,recibida,1
5583,COMPLETELY,1
5584,delve,1
5585,IDEA,1
5586,gal,1
5587,falla,1
5588,respecto,1
5589,dificultad,1
5590,summarised,1
5591,Different,1
5592,colonialism,1
5593,Again,1
5594,recomiendo,1
5595,Hong,1
5596,retry,1
5597,WIth,1
5598,Regression,1
5599,Rigid,1
5600,proud,1
5601,inexperienced,1
5602,dislike,1
5603,appropriate,1
5604,media,1
5605,proceeded,1
5606,cops,1
5607,hated,1
5608,reviewer,1
5609,primarily,1
5610,workers,1
5611,emergency,1
5612,quedé,1
5613,Loved,1
5614,presence,1
5615,pursue,1
5616,clareza,1
5617,passa,1
5618,disso,1
5619,Apesar,1
5620,chato,1
5621,práticas,1
5622,gostam,1
5623,pessoas,1
5624,Pra,1
5625,completamente,1
5626,Um,1
5627,ample,1
5628,neutral,1
5629,intructors,1
5630,contet,1
5631,IMHO,1
5632,monotonous,1
5633,geared,1
5634,detrimental,1
5635,wound,1
5636,substantial,1
5637,STRATEGY,1
5638,MACHINE,1
5639,DEFINING,1
5640,peharps,1
5641,comunicating,1
5642,promises,1
5643,Absent,1
5644,participated,1
5645,defect,1
5646,Major,1
5647,bits,1
5648,Additing,1
5649,cource,1
5650,placed,1
5651,choosing,1
5652,probabilities,1
5653,lecturing,1
5654,APPROACHES,1
5655,perseverance,1
5656,spots,1
5657,Coming,1
5658,intention,1
5659,originated,1
5660,strongly,1
5661,winded,1
5662,coursework,1
5663,initial,1
5664,respective,1
5665,longterm,1
5666,balanza,1
5667,diario,1
5668,rayado,1
5669,T,1
5670,cuentas,1
5671,elaborar,1
5672,enseñanza,1
5673,showed,1
5674,humanities,1
5675,fundamentos,1
5676,assunto,1
5677,abordado,1
5678,preferring,1
5679,captures,1
5680,concisely,1
5681,repetitiveness,1
5682,redundancy,1
5683,aprendido,1
5684,complementar,1
5685,mejor,1
5686,ho,1
5687,thumb,1
5688,green,1
5689,Algebra,1
5690,citations,1
5691,lad,1
5692,G,1
5693,doubtful,1
5694,MATLAB,1
5695,surely,1
5696,capture,1
5697,Empirical,1
5698,pronouns,1
5699,rule,1
5700,task,1
5701,calcs,1
5702,stock,1
5703,hedging,1
5704,jumps,1
5705,metrics,1
5706,trivial,1
5707,labelled,1
5708,describes,1
5709,analysts,1
5710,impact,1
5711,outlook,1
5712,snapshot,1
5713,sadly,1
5714,prescriptive,1
5715,outlines,1
5716,mentions,1
5717,starter,1
5718,devoid,1
5719,numerical,1
5720,get_list_of_university_towns,1
5721,Venn,1
5722,awkwardly,1
5723,Messages,1
5724,depended,1
5725,produced,1
5726,DataFrame,1
5727,ASQ,1
5728,gaining,1
5729,memorization,1
5730,Pearson,1
5731,Belt,1
5732,Green,1
5733,children,1
5734,Probably,1
5735,detector,1
5736,object,1
5737,train,1
5738,contradict,1
5739,Drive,1
5740,Bucky,1
5741,Instructions,1
5742,shortcomings,1
5743,challenges,1
5744,contributed,1
5745,proofreading,1
5746,zoom,1
5747,Show,1
5748,typing,1
5749,alternate,1
5750,device,1
5751,deciphering,1
5752,concentrate,1
5753,inch,1
5754,Brooks,1
5755,Mr,1
5756,Whenever,1
5757,assn,1
5758,tab,1
5759,partly,1
5760,dual,1
5761,float_value,1
5762,enters,1
5763,organizing,1
5764,flow,1
5765,larger,1
5766,Learnt,1
5767,slope,1
5768,discipline,1
5769,preparation,1
5770,7th,1
5771,AdWords,1
5772,tot,1
5773,Updates,1
5774,Add,1
5775,releases,1
5776,eliminate,1
5777,enhance,1
5778,label,1
5779,Brain,1
5780,Penalized,1
5781,repeated,1
5782,disorganized,1
5783,diligent,1
5784,Looking,1
5785,metodología,1
5786,cortos,1
5787,gran,1
5788,utilidad,1
5789,disturbing,1
5790,lighter,1
5791,everythings,1
5792,expanded,1
5793,Contagious,1
5794,yesterday,1
5795,centric,1
5796,Broken,1
5797,audience,1
5798,Management,1
5799,consideration,1
5800,oraganized,1
5801,bugged,1
5802,biology,1
5803,integration,1
5804,addicted,1
5805,broad,1
5806,demos,1
5807,нервов,1
5808,setting,1
5809,contradicting,1
5810,discouraged,1
5811,много,1
5812,Humam,1
5813,Simple,1
5814,Слишком,1
5815,dealing,1
5816,коде,1
5817,исключение,1
5818,numerically,1
5819,5000000,1
5820,X,1
5821,wishing,1
5822,DSX,1
5823,AWS,1
5824,filología,1
5825,загадки,1
5826,sintácticas,1
5827,REST,1
5828,APIs,1
5829,modifying,1
5830,sample,1
5831,LOT,1
5832,exists,1
5833,confuso,1
5834,peores,1
5835,Debería,1
5836,quitar,1
5837,угадываемые,1
5838,entrevistas,1
5839,эти,1
5840,уходили,1
5841,provecho,1
5842,dieran,1
5843,pautas,1
5844,gusta,1
5845,Pero,1
5846,reto,1
5847,stage,1
5848,workable,1
5849,economy,1
5850,outputting,1
5851,Perfect,1
5852,newbies,1
5853,Quite,1
5854,reflected,1
5855,usefulness,1
5856,Europe,1
5857,regularly,1
5858,Ok,1
5859,somethings,1
5860,glossed,1
5861,plain,1
5862,newbie,1
5863,implied,1
5864,albeit,1
5865,concrete,1
5866,nonetheless,1
5867,repeat,1
5868,Forum,1
5869,Pros,1
5870,teamCons,1
5871,excercises,1
5872,multiclass,1
5873,classification,1
5874,extraction,1
5875,relationship,1
5876,capable,1
5877,arriving,1
5878,thrice,1
5879,spite,1
5880,earliest,1
5881,Jypter,1
5882,Understanding,1
5883,Preparation,1
5884,similar,1
5885,Canada,1
5886,reasonably,1
5887,puts,1
5888,fue,1
5889,Docker,1
5890,laid,1
5891,hadoop,1
5892,Soy,1
5893,Lic,1
5894,Adm,1
5895,nunca,1
5896,había,1
5897,contacto,1
5898,llamó,1
5899,atención,1
5900,mediados,1
5901,di,1
5902,cuenta,1
5903,debí,1
5904,elegir,1
5905,necesita,1
5906,Para,1
5907,cleaner,1
5908,Cloudera,1
5909,sooooo,1
5910,instantiation,1
5911,headphone,1
5912,makers,1
5913,evaluate,1
5914,difficultly,1
5915,soft,1
5916,estimates,1
5917,respected,1
5918,older,1
5919,rudimetary,1
5920,implies,1
5921,codebook,1
5922,md,1
5923,tactics,1
5924,bunch,1
5925,tie,1
5926,disconnected,1
5927,sooner,1
5928,knowlege,1
5929,либо,1
5930,paragraphs,1
5931,manera,1
5932,tu,1
5933,prácticamente,1
5934,autogestivo,1
5935,instruccional,1
5936,alta,1
5937,calidad,1
5938,Week3,1
5939,precisely,1
5940,Buen,1
5941,planteamiento,1
5942,mejorables,1
5943,legibles,1
5944,качество,1
5945,diets,1
5946,titles,1
5947,dock,1
5948,implementations,1
5949,amena,1
5950,gráfico,1
5951,cargo,1
5952,ужасное,1
5953,Thankfully,1
5954,linux,1
5955,ranking,1
5956,accurately,1
5957,assess,1
5958,Z3,1
5959,z3,1
5960,z2,1
5961,b3,1
5962,A2,1
5963,Z2,1
5964,exercise,1
5965,normalization,1
5966,mentor,1
5967,Si,1
5968,deseas,1
5969,Для,1
5970,видео,1
5971,culting,1
5972,выполнения,1
5973,quantity,1
5974,interview,1
5975,transcription,1
5976,understang,1
5977,inclusive,1
5978,java,1
5979,direction,1
5980,comprehensible,1
5981,imo,1
5982,patience,1
5983,Step,1
5984,Actually,1
5985,azure,1
5986,appetizer,1
5987,meal,1
5988,Variable,1
5989,Abbreviations,1
5990,fval,1
5991,NN,1
5992,Redhat,1
5993,Lesson,1
5994,Centos,1
5995,дублирование,1
5996,sorely,1
5997,firmly,1
5998,communicated,1
5999,familiarity,1
6000,forewarned,1
6001,ironed,1
6002,Example,1
6003,command,1
6004,wget,1
6005,текстовое,1
6006,удобно,1
6007,VirtualBox,1
6008,default,1
6009,32,1
6010,ubuntu,1
6011,64,1
6012,efficiently,1
6013,теоретических,1
6014,humour,1
6015,означает,1
6016,lead,1
6017,redundtant,1
6018,Runtime,1
6019,Test,1
6020,Догадаться,1
6021,детальным,1
6022,текст,1
6023,gulf,1
6024,detriment,1
6025,Shapiro,1
6026,extraordinary,1
6027,His,1
6028,opaque,1
6029,Pareto,1
6030,Majors,1
6031,handful,1
6032,anachronisms,1
6033,Error,1
6034,ты,1
6035,тема,1
6036,compressed,1
6037,irritate,1
6038,reader,1
6039,traducido,1
6040,sólo,1
6041,traducidos,1
6042,preguntas,1
6043,emergentes,1
6044,traducidas,1
6045,lacked,1
6046,continuity,1
6047,какое,1
6048,nutrition,1
6049,reliance,1
6050,heads,1
6051,упустил,1
6052,Très,1
6053,instructif,1
6054,Сделайте,1
6055,Kenneth,1
6056,loops,1
6057,описание,1
6058,stdio,1
6059,github,1
6060,enthusiasm,1
6061,translation,1
6062,Подробное,1
6063,искать,1
6064,assumes,1
6065,adapted,1
6066,programmed,1
6067,приходилось,1
6068,массу,1
6069,Основную,1
6070,недостаточно,1
6071,чем,1
6072,optimal,1
6073,stands,1
6074,perfect,1
6075,r,1
6076,insightful,1
6077,Arrow,1
6078,Users,1
6079,pause,1
6080,died,1
6081,2017,1
6082,undermined,1
6083,participate,1
6084,отдельная,1
6085,Chapter,1
6086,это,1
6087,грейдера,1
6088,monotonously,1
6089,framed,1
6090,Disclaimer,1
6091,Came,1
6092,friends,1
6093,fetching,1
6094,MAC,1
6095,Windows,1
6096,debt,1
